Brand,Car Name,Body Type,Seats,Fuel Type,Price_Lakh,Mileage_kmpl,Power_BHP,Safety_Stars,Rating_is,Price_Bucket,image_url
Maruti Suzuki,Maruti Brezza,SUV,5.0,"CNG, Petrol",11.245,18.59,94.0,4.0,4.4,10-15L,https://upload.wikimedia.org/wikipedia/commons/thumb/1/12/2021_Maruti_Suzuki_Vitara_Brezza_VXI.jpg/960px-2021_Maruti_Suzuki_Vitara_Brezza_VXI.jpg?utm_source=commons.wikimedia.org&utm_campaign=imageinfo&utm_content=thumbnail
Maruti Suzuki,Maruti Fronx,Hatchback,5.0,"CNG, Petrol",10.275,21.450000000000003,94.0,4.0,4.5,10-15L,https://upload.wikimedia.org/wikipedia/commons/thumb/b/be/Suzuki_Fronx_FFV_Concept.jpg/960px-Suzuki_Fronx_FFV_Concept.jpg?utm_source=commons.wikimedia.org&utm_campaign=imageinfo&utm_content=thumbnail
Maruti Suzuki,Maruti Swift,Hatchback,5.0,"CNG, Petrol",8.04,25.275,85.0,3.0,4.6,0-10L,https://upload.wikimedia.org/wikipedia/commons/thumb/9/9a/2018_Suzuki_Swift_SZ5_Boosterjet_SHVS_1.0_Front.jpg/960px-2018_Suzuki_Swift_SZ5_Boosterjet_SHVS_1.0_Front.jpg?utm_source=commons.wikimedia.org&utm_campaign=imageinfo&utm_content=thumbnail
Maruti Suzuki,Maruti Dzire,Sedan,5.0,"CNG, Petrol",8.465,25.25,85.0,5.0,4.7,0-10L,https://upload.wikimedia.org/wikipedia/commons/thumb/2/2a/Maruti_Suzuki_Swift_Dzire.jpg/960px-Maruti_Suzuki_Swift_Dzire.jpg?utm_source=commons.wikimedia.org&utm_campaign=imageinfo&utm_content=thumbnail
Maruti Suzuki,Maruti Baleno,Hatchback,5.0,"CNG, Petrol",8.27,22.645000000000003,82.0,3.0,4.5,0-10L,https://upload.wikimedia.org/wikipedia/commons/f/ff/Baleno_Maruti_Suzuki.png?utm_source=commons.wikimedia.org&utm_campaign=imageinfo&utm_content=thumbnail_unscaled
Maruti Suzuki,Maruti Grand Vitara,SUV,5.0,"CNG, Hybrid, Petrol",15.54,24.275,94.5,4.0,4.4,15-20L,https://upload.wikimedia.org/wikipedia/commons/thumb/7/7b/2024_Suzuki_Vitara_%284th_generation%29_DSC_6083.jpg/960px-2024_Suzuki_Vitara_%284th_generation%29_DSC_6083.jpg?utm_source=commons.wikimedia.org&utm_campaign=imageinfo&utm_content=thumbnail
Maruti Suzuki,Maruti Wagon R,Hatchback,5.0,"CNG, Petrol",6.46,28.805,73.0,2.0,4.5,0-10L,https://upload.wikimedia.org/wikipedia/commons/thumb/d/d7/2018_Suzuki_Karimun_Wagon_R_GL_%28front%29.jpg/960px-2018_Suzuki_Karimun_Wagon_R_GL_%28front%29.jpg?utm_source=commons.wikimedia.org&utm_campaign=imageinfo&utm_content=thumbnail
Maruti Suzuki,Maruti Alto K10,Hatchback,5.0,"CNG, Petrol",4.975,24.645,62.0,2.0,4.6,0-10L,https://upload.wikimedia.org/wikipedia/commons/thumb/d/d6/Parked_Maruti_Suzuki_Alto_K10.jpg/960px-Parked_Maruti_Suzuki_Alto_K10.jpg?utm_source=commons.wikimedia.org&utm_campaign=imageinfo&utm_content=thumbnail
Maruti Suzuki,Maruti Ertiga,MPV,7.0,"CNG, Petrol",10.86,20.405,94.5,3.0,4.6,10-15L,https://upload.wikimedia.org/wikipedia/commons/thumb/0/01/Maruti_Suzuki_Ertiga%281%29.jpg/960px-Maruti_Suzuki_Ertiga%281%29.jpg?utm_source=commons.wikimedia.org&utm_campaign=imageinfo&utm_content=thumbnail
Maruti Suzuki,Maruti XL6,MPV,6.0,"CNG, Petrol",13.19,20.62,94.5,3.0,4.4,10-15L,https://upload.wikimedia.org/wikipedia/commons/thumb/4/45/Maruti_Suzuki_XL6_%28front%29.jpg/960px-Maruti_Suzuki_XL6_%28front%29.jpg?utm_source=commons.wikimedia.org&utm_campaign=imageinfo&utm_content=thumbnail
Maruti Suzuki,Maruti Celerio,Hatchback,5.0,"CNG, Petrol",6.234999999999999,25.96,61.0,2.0,4.0,0-10L,https://upload.wikimedia.org/wikipedia/commons/thumb/9/9b/2008_Maruti_Suzuki_Alto_Dashboard_02.jpg/960px-2008_Maruti_Suzuki_Alto_Dashboard_02.jpg?utm_source=commons.wikimedia.org&utm_campaign=imageinfo&utm_content=thumbnail
Maruti Suzuki,Maruti Jimny,SUV,4.0,Petrol,13.845,16.65,103.0,3.0,3.5,10-15L,https://upload.wikimedia.org/wikipedia/commons/thumb/1/13/2019_Suzuki_Jimny_SZ5_4X4_Automatic_1.5.jpg/800px-2019_Suzuki_Jimny_SZ5_4X4_Automatic_1.5.jpg
Maruti Suzuki,Maruti Ignis,Hatchback,5.0,Petrol,6.95,20.89,82.0,3.0,4.7,0-10L,https://upload.wikimedia.org/wikipedia/commons/thumb/3/3f/Maruti_Suzuki_Ignis_in_India.jpg/960px-Maruti_Suzuki_Ignis_in_India.jpg?utm_source=commons.wikimedia.org&utm_campaign=imageinfo&utm_content=thumbnail
Maruti Suzuki,Maruti S-Presso,Hatchback,5.0,"CNG, Petrol",5.1850000000000005,25.03,61.0,1.0,4.4,0-10L,https://upload.wikimedia.org/wikipedia/commons/thumb/3/33/Maruti_s_presso.jpg/960px-Maruti_s_presso.jpg?utm_source=commons.wikimedia.org&utm_campaign=imageinfo&utm_content=thumbnail
Maruti Suzuki,Maruti Ciaz,Sedan,5.0,Petrol,10.845,20.345,96.0,4.0,4.3,10-15L,https://upload.wikimedia.org/wikipedia/commons/thumb/9/92/2016-2017_Suzuki_Ciaz_GLX_1.4_VC41S_%2820210922%29.jpg/960px-2016-2017_Suzuki_Ciaz_GLX_1.4_VC41S_%2820210922%29.jpg?utm_source=commons.wikimedia.org&utm_campaign=imageinfo&utm_content=thumbnail
Maruti Suzuki,Maruti Eeco,Van,7.0,"CNG, Petrol",5.95,19.71,76.0,1.0,4.6,0-10L,https://upload.wikimedia.org/wikipedia/commons/thumb/b/bb/SUZUKI_EECO_MACAU.jpg/960px-SUZUKI_EECO_MACAU.jpg?utm_source=commons.wikimedia.org&utm_campaign=imageinfo&utm_content=thumbnail
Maruti Suzuki,Maruti Invicto,SUV,7.0,Hybrid,27.065,23.24,150.0,5.0,4.6,20-30L,
Maruti Suzuki,Maruti Wagon R Flex Fuel,Hatchback,5.0,Petrol,7.125,28.805,78.0,2.0,4.5,0-10L,https://upload.wikimedia.org/wikipedia/commons/thumb/8/83/JMN18_Suzuki_K15B_1.jpg/800px-JMN18_Suzuki_K15B_1.jpg
Mahindra,Mahindra Scorpio N,SUV,7.0,"Diesel, Petrol",19.195,15.0,165.0,5.0,4.7,15-20L,https://upload.wikimedia.org/wikipedia/commons/thumb/d/d8/Mahindra_Scorpio_Pik-Up_001.jpg/960px-Mahindra_Scorpio_Pik-Up_001.jpg?utm_source=commons.wikimedia.org&utm_campaign=imageinfo&utm_content=thumbnail
Mahindra,Mahindra Scorpio Classic,SUV,7.0,Diesel,15.52,15.0,130.0,4.0,4.8,15-20L,https://upload.wikimedia.org/wikipedia/commons/thumb/e/eb/Mahindra_Scorpio.jpg/960px-Mahindra_Scorpio.jpg?utm_source=commons.wikimedia.org&utm_campaign=imageinfo&utm_content=thumbnail
Mahindra,Mahindra XUV 3XO,SUV,5.0,"Diesel, Petrol",11.49,19.0,119.5,5.0,4.6,10-15L,https://upload.wikimedia.org/wikipedia/commons/thumb/1/16/Mahindra_XUV_3XO_2025.jpg/960px-Mahindra_XUV_3XO_2025.jpg?utm_source=commons.wikimedia.org&utm_campaign=imageinfo&utm_content=thumbnail
Mahindra,Mahindra XUV700,SUV,7.0,"Diesel, Petrol",20.49,15.0,175.0,5.0,4.6,20-30L,https://upload.wikimedia.org/wikipedia/commons/thumb/b/ba/2021_Mahindra_XUV700_2.2_AX7_%28India%29_front_view.png/960px-2021_Mahindra_XUV700_2.2_AX7_%28India%29_front_view.png?utm_source=commons.wikimedia.org&utm_campaign=imageinfo&utm_content=thumbnail
Mahindra,Mahindra Thar,SUV,4.0,"Diesel, Petrol",14.475,15.0,133.5,4.0,4.7,10-15L,https://upload.wikimedia.org/wikipedia/commons/thumb/1/13/Mahindra_Thar_Photoshoot_At_Perupalem_Beach_%28West_Godavari_District%2CAP%2CIndia_%29_Djdavid.jpg/960px-Mahindra_Thar_Photoshoot_At_Perupalem_Beach_%28West_Godavari_District%2CAP%2CIndia_%29_Djdavid.jpg?utm_source=commons.wikimedia.org&utm_campaign=imageinfo&utm_content=thumbnail
Mahindra,Mahindra Thar Roxx,SUV,5.0,"Diesel, Petrol",17.74,13.5,162.0,5.0,4.7,15-20L,https://upload.wikimedia.org/wikipedia/commons/thumb/2/2a/Mahindra_Thar_ROXX_on_dirt.jpg/960px-Mahindra_Thar_ROXX_on_dirt.jpg?utm_source=commons.wikimedia.org&utm_campaign=imageinfo&utm_content=thumbnail
Mahindra,Mahindra Bolero,SUV,7.0,Diesel,10.35,16.0,75.0,3.0,4.6,10-15L,https://upload.wikimedia.org/wikipedia/commons/thumb/d/d7/Mahindra_Bolero_ZLX.jpg/960px-Mahindra_Bolero_ZLX.jpg?utm_source=commons.wikimedia.org&utm_campaign=imageinfo&utm_content=thumbnail
Mahindra,Mahindra Bolero Neo,SUV,7.0,Diesel,11.05,17.0,100.0,1.0,4.6,10-15L,https://upload.wikimedia.org/wikipedia/commons/thumb/5/5b/Mahindra_TUV_300_Chennai_2016_%282%29.JPG/960px-Mahindra_TUV_300_Chennai_2016_%282%29.JPG?utm_source=commons.wikimedia.org&utm_campaign=imageinfo&utm_content=thumbnail
Mahindra,Mahindra Bolero Neo Plus,SUV,9.0,Diesel,11.94,14.0,118.0,5.0,4.6,10-15L,https://upload.wikimedia.org/wikipedia/commons/thumb/5/5b/Mahindra_TUV_300_Chennai_2016_%282%29.JPG/800px-Mahindra_TUV_300_Chennai_2016_%282%29.JPG
Mahindra,Mahindra XUV400 EV,SUV,5.0,Electric,17.34,15.70165456048878,150.0,5.0,3.9,15-20L,https://upload.wikimedia.org/wikipedia/commons/thumb/d/d4/Mahindra_XUV300.jpg/960px-Mahindra_XUV300.jpg?utm_source=commons.wikimedia.org&utm_campaign=imageinfo&utm_content=thumbnail
Mahindra,Mahindra BE 6,SUV,5.0,Electric,21.95,15.70165456048878,255.0,5.0,4.7,20-30L,https://upload.wikimedia.org/wikipedia/commons/thumb/2/2a/Mahindra_Pik_Up_S6_Karoo.jpg/960px-Mahindra_Pik_Up_S6_Karoo.jpg?utm_source=commons.wikimedia.org&utm_campaign=imageinfo&utm_content=thumbnail
Mahindra,Mahindra XEV 9e,SUV,5.0,Electric,25.95,15.70165456048878,284.0,5.0,4.7,20-30L,https://upload.wikimedia.org/wikipedia/commons/thumb/3/3e/Mahindra_XEV_9E.jpg/960px-Mahindra_XEV_9E.jpg?utm_source=commons.wikimedia.org&utm_campaign=imageinfo&utm_content=thumbnail
Tata,Tata Nexon,SUV,5.0,"CNG, Diesel, Petrol",11.975,20.5,108.5,5.0,4.6,10-15L,https://upload.wikimedia.org/wikipedia/commons/thumb/8/88/2018_Tata_Nexon_XM.jpg/960px-2018_Tata_Nexon_XM.jpg?utm_source=commons.wikimedia.org&utm_campaign=imageinfo&utm_content=thumbnail
Tata,Tata Nexon EV,SUV,5.0,Electric,14.84,15.70165456048878,135.0,5.0,4.4,10-15L,https://upload.wikimedia.org/wikipedia/commons/thumb/8/88/2018_Tata_Nexon_XM.jpg/960px-2018_Tata_Nexon_XM.jpg?utm_source=commons.wikimedia.org&utm_campaign=imageinfo&utm_content=thumbnail
Tata,Tata Punch,SUV,5.0,"CNG, Petrol",8.165,22.0,79.5,5.0,4.4,0-10L,https://upload.wikimedia.org/wikipedia/commons/thumb/1/1e/2021_Tata_Punch_Creative_%28India%29_front_view_01.png/960px-2021_Tata_Punch_Creative_%28India%29_front_view_01.png?utm_source=commons.wikimedia.org&utm_campaign=imageinfo&utm_content=thumbnail
Tata,Tata Punch EV,SUV,5.0,Electric,12.14,15.70165456048878,120.0,5.0,4.4,10-15L,https://upload.wikimedia.org/wikipedia/commons/thumb/1/1e/2021_Tata_Punch_Creative_%28India%29_front_view_01.png/960px-2021_Tata_Punch_Creative_%28India%29_front_view_01.png?utm_source=commons.wikimedia.org&utm_campaign=imageinfo&utm_content=thumbnail
Tata,Tata Altroz,Hatchback,5.0,"CNG, Diesel, Petrol",8.82,22.5,80.5,5.0,4.7,0-10L,https://upload.wikimedia.org/wikipedia/commons/thumb/e/ea/Tata_Altroz_Cinematic_Photos_%281%29.jpg/960px-Tata_Altroz_Cinematic_Photos_%281%29.jpg?utm_source=commons.wikimedia.org&utm_campaign=imageinfo&utm_content=thumbnail
Tata,Tata Tiago,Hatchback,5.0,"CNG, Petrol",7.275,23.5,78.5,4.0,4.4,0-10L,https://upload.wikimedia.org/wikipedia/commons/thumb/9/98/Tata_Tiago_%28117%29.JPG/960px-Tata_Tiago_%28117%29.JPG?utm_source=commons.wikimedia.org&utm_campaign=imageinfo&utm_content=thumbnail
Tata,Tata Tiago EV,Hatchback,5.0,Electric,9.74,15.70165456048878,73.0,4.0,4.5,0-10L,https://upload.wikimedia.org/wikipedia/commons/thumb/9/98/Tata_Tiago_%28117%29.JPG/960px-Tata_Tiago_%28117%29.JPG?utm_source=commons.wikimedia.org&utm_campaign=imageinfo&utm_content=thumbnail
Tata,Tata Tigor,Sedan,5.0,"CNG, Petrol",7.925000000000001,23.5,78.5,4.0,4.5,0-10L,https://upload.wikimedia.org/wikipedia/commons/thumb/b/ba/2017-03-07_Geneva_Motor_Show_1068.JPG/960px-2017-03-07_Geneva_Motor_Show_1068.JPG?utm_source=commons.wikimedia.org&utm_campaign=imageinfo&utm_content=thumbnail
Tata,Tata Tigor EV,Sedan,5.0,Electric,13.12,15.70165456048878,75.0,4.0,3.6,10-15L,https://upload.wikimedia.org/wikipedia/commons/thumb/b/ba/2017-03-07_Geneva_Motor_Show_1068.JPG/960px-2017-03-07_Geneva_Motor_Show_1068.JPG?utm_source=commons.wikimedia.org&utm_campaign=imageinfo&utm_content=thumbnail
Tata,Tata Harrier,SUV,5.0,Diesel,20.715,15.0,168.0,5.0,4.7,20-30L,https://upload.wikimedia.org/wikipedia/commons/thumb/c/c3/Tata_Buzzard_Sport%2C_GIMS_2019%2C_Le_Grand-Saconnex_%28GIMS0651%29.jpg/960px-Tata_Buzzard_Sport%2C_GIMS_2019%2C_Le_Grand-Saconnex_%28GIMS0651%29.jpg?utm_source=commons.wikimedia.org&utm_campaign=imageinfo&utm_content=thumbnail
Tata,Tata Safari,SUV,7.0,Diesel,21.415,15.0,168.0,5.0,4.7,20-30L,https://upload.wikimedia.org/wikipedia/commons/thumb/9/97/TATA_Safari_Dicor_2.2.jpg/960px-TATA_Safari_Dicor_2.2.jpg?utm_source=commons.wikimedia.org&utm_campaign=imageinfo&utm_content=thumbnail
Tata,Tata Curvv,SUV,5.0,"Diesel, Petrol",14.5,18.5,119.5,5.0,4.6,10-15L,https://upload.wikimedia.org/wikipedia/commons/4/4b/2025_Tata_Curvv_Creative%2B_S_Petrol_%28India%29_rear_view.png?utm_source=commons.wikimedia.org&utm_campaign=imageinfo&utm_content=thumbnail_unscaled
Tata,Tata Curvv EV,SUV,5.0,Electric,19.74,15.70165456048878,158.5,5.0,4.4,15-20L,https://upload.wikimedia.org/wikipedia/commons/4/4b/2025_Tata_Curvv_Creative%2B_S_Petrol_%28India%29_rear_view.png?utm_source=commons.wikimedia.org&utm_campaign=imageinfo&utm_content=thumbnail_unscaled
Tata,Tata Harrier EV,SUV,5.0,Electric,25.0,15.70165456048878,225.0,5.0,4.8,20-30L,https://upload.wikimedia.org/wikipedia/commons/thumb/c/c3/Tata_Buzzard_Sport%2C_GIMS_2019%2C_Le_Grand-Saconnex_%28GIMS0651%29.jpg/960px-Tata_Buzzard_Sport%2C_GIMS_2019%2C_Le_Grand-Saconnex_%28GIMS0651%29.jpg?utm_source=commons.wikimedia.org&utm_campaign=imageinfo&utm_content=thumbnail
Tata,Tata Harrier EV Stealth,SUV,5.0,Electric,28.75,15.70165456048878,210.0,5.0,4.8,20-30L,https://upload.wikimedia.org/wikipedia/commons/thumb/7/7e/4th_International_Auto_Show%2C_Bangalore_%282025%29_110.jpg/800px-4th_International_Auto_Show%2C_Bangalore_%282025%29_110.jpg
Hyundai,Hyundai Creta,SUV,5.0,"Diesel, Petrol",15.575,19.0,135.5,3.0,4.6,15-20L,https://upload.wikimedia.org/wikipedia/commons/thumb/b/be/HYUNDAI_CRETA_%2C_iX25_%28SU2%29_China_%281%29.jpg/960px-HYUNDAI_CRETA_%2C_iX25_%28SU2%29_China_%281%29.jpg?utm_source=commons.wikimedia.org&utm_campaign=imageinfo&utm_content=thumbnail
Hyundai,Hyundai Creta N Line,SUV,5.0,Petrol,18.635,18.0,158.0,3.0,4.7,15-20L,https://upload.wikimedia.org/wikipedia/commons/thumb/b/be/HYUNDAI_CRETA_%2C_iX25_%28SU2%29_China_%281%29.jpg/960px-HYUNDAI_CRETA_%2C_iX25_%28SU2%29_China_%281%29.jpg?utm_source=commons.wikimedia.org&utm_campaign=imageinfo&utm_content=thumbnail
Hyundai,Hyundai Creta Electric,SUV,5.0,Electric,22.0,15.70165456048878,154.0,5.0,4.7,20-30L,https://upload.wikimedia.org/wikipedia/commons/thumb/6/60/Hyundai_Creta_Electric_SU2_EV_PE.jpg/960px-Hyundai_Creta_Electric_SU2_EV_PE.jpg?utm_source=commons.wikimedia.org&utm_campaign=imageinfo&utm_content=thumbnail
Hyundai,Hyundai Venue,SUV,5.0,"Diesel, Petrol",10.71,20.0,100.0,3.0,4.6,10-15L,https://upload.wikimedia.org/wikipedia/commons/thumb/0/07/2020_Hyundai_Venue_Ultimate_2019-12-13_2.jpg/960px-2020_Hyundai_Venue_Ultimate_2019-12-13_2.jpg?utm_source=commons.wikimedia.org&utm_campaign=imageinfo&utm_content=thumbnail
Hyundai,Hyundai Venue N Line,SUV,5.0,Petrol,12.99,18.0,118.0,3.0,4.8,10-15L,https://upload.wikimedia.org/wikipedia/commons/thumb/0/07/2020_Hyundai_Venue_Ultimate_2019-12-13_2.jpg/960px-2020_Hyundai_Venue_Ultimate_2019-12-13_2.jpg?utm_source=commons.wikimedia.org&utm_campaign=imageinfo&utm_content=thumbnail
Hyundai,Hyundai Exter,Hatchback,5.0,"CNG, Petrol",8.28,23.0,75.0,3.0,4.6,0-10L,https://upload.wikimedia.org/wikipedia/commons/3/35/2023_Hyundai_Exter_SX_%28O%29.png?utm_source=commons.wikimedia.org&utm_campaign=imageinfo&utm_content=thumbnail_unscaled
Hyundai,Hyundai i20,Hatchback,5.0,Petrol,9.125,20.0,84.5,3.0,4.6,0-10L,https://upload.wikimedia.org/wikipedia/commons/thumb/d/df/Hyundai_i20_Coupe_WRC%2C_IAA_2017%2C_Frankfurt_%281Y7A3189%29.jpg/960px-Hyundai_i20_Coupe_WRC%2C_IAA_2017%2C_Frankfurt_%281Y7A3189%29.jpg?utm_source=commons.wikimedia.org&utm_campaign=imageinfo&utm_content=thumbnail
Hyundai,Hyundai i20 N Line,Hatchback,5.0,Petrol,11.26,20.0,118.0,3.0,4.6,10-15L,https://upload.wikimedia.org/wikipedia/commons/thumb/d/df/Hyundai_i20_Coupe_WRC%2C_IAA_2017%2C_Frankfurt_%281Y7A3189%29.jpg/960px-Hyundai_i20_Coupe_WRC%2C_IAA_2017%2C_Frankfurt_%281Y7A3189%29.jpg?utm_source=commons.wikimedia.org&utm_campaign=imageinfo&utm_content=thumbnail
Hyundai,Hyundai Grand i10 Nios,Hatchback,5.0,"CNG, Petrol",7.24,23.5,75.0,2.0,4.5,0-10L,https://upload.wikimedia.org/wikipedia/commons/thumb/4/49/Hyundai_i10_in_blue.jpg/960px-Hyundai_i10_in_blue.jpg?utm_source=commons.wikimedia.org&utm_campaign=imageinfo&utm_content=thumbnail
Hyundai,Hyundai Aura,Sedan,5.0,"CNG, Petrol",7.77,24.0,75.0,2.0,4.6,0-10L,https://upload.wikimedia.org/wikipedia/commons/thumb/4/49/Hyundai_i10_in_blue.jpg/960px-Hyundai_i10_in_blue.jpg?utm_source=commons.wikimedia.org&utm_campaign=imageinfo&utm_content=thumbnail
Hyundai,Hyundai Verna,Sedan,5.0,Petrol,14.21,19.0,135.5,5.0,4.6,10-15L,https://upload.wikimedia.org/wikipedia/commons/thumb/e/e8/HYUNDAI_VERNA_%28HYUNDAI_ACCENT%29_%28RB%2CRC%29_China_%289%29.jpg/960px-HYUNDAI_VERNA_%28HYUNDAI_ACCENT%29_%28RB%2CRC%29_China_%289%29.jpg?utm_source=commons.wikimedia.org&utm_campaign=imageinfo&utm_content=thumbnail
Hyundai,Hyundai Alcazar,SUV,7.0,"Diesel, Petrol",18.27,19.0,136.0,3.0,4.6,15-20L,https://upload.wikimedia.org/wikipedia/commons/thumb/7/79/2021_Hyundai_Alcazar_2.0_Signature_%28India%29_front_view.png/960px-2021_Hyundai_Alcazar_2.0_Signature_%28India%29_front_view.png?utm_source=commons.wikimedia.org&utm_campaign=imageinfo&utm_content=thumbnail
Hyundai,Hyundai Ioniq 5,SUV,5.0,Electric,46.05,15.70165456048878,217.0,5.0,4.5,30-50L,https://upload.wikimedia.org/wikipedia/commons/thumb/c/c1/Hyundai_Ioniq_5_IAA_2021_1X7A0189.jpg/960px-Hyundai_Ioniq_5_IAA_2021_1X7A0189.jpg?utm_source=commons.wikimedia.org&utm_campaign=imageinfo&utm_content=thumbnail
Toyota,Toyota Urban Cruiser Hyryder,SUV,5.0,"CNG, Hybrid, Petrol",15.665,23.0,94.5,5.0,4.4,15-20L,https://upload.wikimedia.org/wikipedia/commons/thumb/4/4a/2022_Toyota_Urban_Cruiser_Hyryder_V_Hybrid_%28India%29_M15D-FXE_engine.jpg/960px-2022_Toyota_Urban_Cruiser_Hyryder_V_Hybrid_%28India%29_M15D-FXE_engine.jpg?utm_source=commons.wikimedia.org&utm_campaign=imageinfo&utm_content=thumbnail
Toyota,Toyota Urban Cruiser Taisor,Hatchback,5.0,"CNG, Petrol",10.39,23.5,87.5,4.0,4.6,10-15L,https://upload.wikimedia.org/wikipedia/commons/thumb/b/be/Suzuki_Fronx_FFV_Concept.jpg/960px-Suzuki_Fronx_FFV_Concept.jpg?utm_source=commons.wikimedia.org&utm_campaign=imageinfo&utm_content=thumbnail
Toyota,Toyota Glanza,Hatchback,5.0,"CNG, Petrol",8.43,26.0,82.5,2.0,4.6,0-10L,https://upload.wikimedia.org/wikipedia/commons/thumb/4/4f/Toyota_Glanza_%28front%29.jpg/960px-Toyota_Glanza_%28front%29.jpg?utm_source=commons.wikimedia.org&utm_campaign=imageinfo&utm_content=thumbnail
Toyota,Toyota Rumion,MPV,7.0,"CNG, Petrol",12.085,23.0,94.5,5.0,4.8,10-15L,https://upload.wikimedia.org/wikipedia/commons/thumb/e/e4/2013_Suzuki_Ertiga_1.4_GX_wagon_%28ZE81S%3B_01-20-2019%29%2C_South_Tangerang.jpg/960px-2013_Suzuki_Ertiga_1.4_GX_wagon_%28ZE81S%3B_01-20-2019%29%2C_South_Tangerang.jpg?utm_source=commons.wikimedia.org&utm_campaign=imageinfo&utm_content=thumbnail
Toyota,Toyota Innova Crysta,MPV,7.0,Diesel,23.27,14.0,148.0,5.0,4.8,20-30L,https://upload.wikimedia.org/wikipedia/commons/thumb/7/7c/2023_Toyota_Zenix_2.0_v.jpg/960px-2023_Toyota_Zenix_2.0_v.jpg?utm_source=commons.wikimedia.org&utm_campaign=imageinfo&utm_content=thumbnail
Toyota,Toyota Innova Hycross,MPV,7.0,Hybrid,25.375,19.5,178.5,5.0,4.6,20-30L,https://upload.wikimedia.org/wikipedia/commons/thumb/7/7c/2023_Toyota_Zenix_2.0_v.jpg/960px-2023_Toyota_Zenix_2.0_v.jpg?utm_source=commons.wikimedia.org&utm_campaign=imageinfo&utm_content=thumbnail
Toyota,Toyota Fortuner,SUV,7.0,"Diesel, Petrol",42.435,12.0,182.5,5.0,4.5,30-50L,https://upload.wikimedia.org/wikipedia/commons/thumb/3/37/Toyota_Fortuner%2C_Cape_Town_%28P1060077%29.jpg/960px-Toyota_Fortuner%2C_Cape_Town_%28P1060077%29.jpg?utm_source=commons.wikimedia.org&utm_campaign=imageinfo&utm_content=thumbnail
Toyota,Toyota Fortuner Legender,SUV,7.0,Diesel,47.55,14.0,201.0,5.0,4.8,30-50L,https://upload.wikimedia.org/wikipedia/commons/thumb/0/0e/Toyota_Fortuner_4x4_Legender_%28LTD%29_2022.jpg/960px-Toyota_Fortuner_4x4_Legender_%28LTD%29_2022.jpg?utm_source=commons.wikimedia.org&utm_campaign=imageinfo&utm_content=thumbnail
Toyota,Toyota Hilux,Pickup,5.0,Diesel,34.15,15.70165456048878,201.0,3.0,3.8,30-50L,https://upload.wikimedia.org/wikipedia/commons/thumb/5/5f/Alsager_Carnival_-_fire_service_Toyota_Hilux_-_Jun_2025.jpg/960px-Alsager_Carnival_-_fire_service_Toyota_Hilux_-_Jun_2025.jpg?utm_source=commons.wikimedia.org&utm_campaign=imageinfo&utm_content=thumbnail
Toyota,Toyota Camry,Sedan,5.0,Hybrid,46.17,25.0,184.0,5.0,4.6,30-50L,https://upload.wikimedia.org/wikipedia/commons/thumb/b/bc/%28USA-Massachusetts%29_Private_Toyota_Camry_NJ-Z22UKZ_rear_2024-06-06.jpg/960px-%28USA-Massachusetts%29_Private_Toyota_Camry_NJ-Z22UKZ_rear_2024-06-06.jpg?utm_source=commons.wikimedia.org&utm_campaign=imageinfo&utm_content=thumbnail
Toyota,Toyota Vellfire,MPV,7.0,Hybrid,127.0,19.0,193.0,5.0,4.8,100L+,https://upload.wikimedia.org/wikipedia/commons/thumb/1/14/Toyota_Alphard%2C_London_%28LRM_20240516_173241%29.jpg/960px-Toyota_Alphard%2C_London_%28LRM_20240516_173241%29.jpg?utm_source=commons.wikimedia.org&utm_campaign=imageinfo&utm_content=thumbnail
Toyota,Toyota Land Cruiser 300,SUV,5.0,Diesel,210.0,14.233333333333333,304.0,5.0,4.8,100L+,https://upload.wikimedia.org/wikipedia/commons/thumb/8/8e/Reflection_on_the_Salar_de_Uyuni%2C_bolivia.jpg/960px-Reflection_on_the_Salar_de_Uyuni%2C_bolivia.jpg?utm_source=commons.wikimedia.org&utm_campaign=imageinfo&utm_content=thumbnail
Kia,Kia Seltos,SUV,5.0,"Diesel, Petrol",15.625,18.5,135.5,3.0,4.7,15-20L,https://upload.wikimedia.org/wikipedia/commons/thumb/0/06/Kia_Seltos_IMG_9152.jpg/960px-Kia_Seltos_IMG_9152.jpg?utm_source=commons.wikimedia.org&utm_campaign=imageinfo&utm_content=thumbnail
Kia,Kia Sonet,SUV,5.0,"Diesel, Petrol",11.87,21.0,100.0,3.0,4.4,10-15L,https://upload.wikimedia.org/wikipedia/commons/thumb/3/31/Kia_Sonet_IMG001.jpg/960px-Kia_Sonet_IMG001.jpg?utm_source=commons.wikimedia.org&utm_campaign=imageinfo&utm_content=thumbnail
Kia,Kia Carens,MPV,7.0,"Diesel, Petrol",15.095,17.0,135.5,3.0,4.5,15-20L,https://upload.wikimedia.org/wikipedia/commons/thumb/b/b6/Kia_Carens_2024_Model.jpg/960px-Kia_Carens_2024_Model.jpg?utm_source=commons.wikimedia.org&utm_campaign=imageinfo&utm_content=thumbnail
Kia,Kia Carens Clavis,MPV,6.0,Petrol,16.5,17.0,135.5,5.0,4.6,15-20L,https://upload.wikimedia.org/wikipedia/commons/thumb/b/be/2025_kia_Carens_Clavis_Facelift_1.5_T-GDi_7DCT_%283%29.jpg/960px-2025_kia_Carens_Clavis_Facelift_1.5_T-GDi_7DCT_%283%29.jpg?utm_source=commons.wikimedia.org&utm_campaign=imageinfo&utm_content=thumbnail
Kia,Kia Syros,SUV,5.0,Petrol,12.25,18.5,116.0,5.0,4.5,10-15L,https://upload.wikimedia.org/wikipedia/commons/thumb/0/07/2025_Kia_Syros_AY.jpg/960px-2025_Kia_Syros_AY.jpg?utm_source=commons.wikimedia.org&utm_campaign=imageinfo&utm_content=thumbnail
Kia,Kia Carnival,MPV,7.0,Diesel,63.9,14.0,190.0,5.0,2.6,50-100L,https://upload.wikimedia.org/wikipedia/commons/thumb/f/f7/KIA_CARNIVAL_%28VQ%29_China.jpg/960px-KIA_CARNIVAL_%28VQ%29_China.jpg?utm_source=commons.wikimedia.org&utm_campaign=imageinfo&utm_content=thumbnail
Kia,Kia EV6,SUV,5.0,Electric,63.47,15.70165456048878,325.0,5.0,4.8,50-100L,https://commons.wikimedia.org/w/resources/assets/file-type-icons/fileicon-ogg.png
Kia,Kia Carens Clavis EV,MPV,6.0,Electric,21.75,15.70165456048878,171.0,5.0,4.5,20-30L,https://upload.wikimedia.org/wikipedia/commons/thumb/b/be/2025_kia_Carens_Clavis_Facelift_1.5_T-GDi_7DCT_%283%29.jpg/960px-2025_kia_Carens_Clavis_Facelift_1.5_T-GDi_7DCT_%283%29.jpg?utm_source=commons.wikimedia.org&utm_campaign=imageinfo&utm_content=thumbnail
BMW,BMW 3 Series LWB,Sedan,5.0,Petrol,61.3,14.556333333333331,3685.0,5.0,4.9,50-100L,https://upload.wikimedia.org/wikipedia/commons/thumb/4/47/BMW_3_SERIES_E90_China.jpg/960px-BMW_3_SERIES_E90_China.jpg?utm_source=commons.wikimedia.org&utm_campaign=imageinfo&utm_content=thumbnail
BMW,BMW 5 Series,Sedan,5.0,Petrol,72.9,15.0,255.0,5.0,4.9,50-100L,https://upload.wikimedia.org/wikipedia/commons/thumb/3/39/BPol_BMW_F11%2C_Hamburg-Altona_%28155914%29.jpg/960px-BPol_BMW_F11%2C_Hamburg-Altona_%28155914%29.jpg?utm_source=commons.wikimedia.org&utm_campaign=imageinfo&utm_content=thumbnail
BMW,BMW X5,SUV,5.0,"Diesel, Petrol",96.0,12.0,328.5,5.0,4.8,50-100L,https://upload.wikimedia.org/wikipedia/commons/thumb/4/4e/BMW_X5_M_%28G05%29_1X7A7047.jpg/960px-BMW_X5_M_%28G05%29_1X7A7047.jpg?utm_source=commons.wikimedia.org&utm_campaign=imageinfo&utm_content=thumbnail
BMW,BMW M5,Sedan,5.0,Hybrid,199.0,6.5,717.0,5.0,4.9,100L+,https://upload.wikimedia.org/wikipedia/commons/thumb/1/1f/BMW_M5_mule%2C_Munich_%28P1190468%29.jpg/960px-BMW_M5_mule%2C_Munich_%28P1190468%29.jpg?utm_source=commons.wikimedia.org&utm_campaign=imageinfo&utm_content=thumbnail
BMW,BMW X1,SUV,5.0,"Diesel, Petrol",51.0,18.0,141.0,5.0,4.5,50-100L,https://upload.wikimedia.org/wikipedia/commons/thumb/4/4c/2018_BMW_X1_sDrive18i_xLine_1.5_Front.jpg/960px-2018_BMW_X1_sDrive18i_xLine_1.5_Front.jpg?utm_source=commons.wikimedia.org&utm_campaign=imageinfo&utm_content=thumbnail
BMW,BMW X3,SUV,5.0,Diesel,72.0,15.0,191.0,5.0,4.8,50-100L,https://upload.wikimedia.org/wikipedia/commons/thumb/1/1d/BMW_G45_X3_M50_DSC_8805.jpg/960px-BMW_G45_X3_M50_DSC_8805.jpg?utm_source=commons.wikimedia.org&utm_campaign=imageinfo&utm_content=thumbnail
BMW,BMW M340i,Sedan,5.0,Petrol,72.9,13.0,369.0,5.0,4.8,50-100L,https://upload.wikimedia.org/wikipedia/commons/thumb/f/fd/BMW_M340i_%28G20%29_Washington_DC_Metro_Area%2C_USA_%281%29.jpg/960px-BMW_M340i_%28G20%29_Washington_DC_Metro_Area%2C_USA_%281%29.jpg?utm_source=commons.wikimedia.org&utm_campaign=imageinfo&utm_content=thumbnail
BMW,BMW X7,SUV,7.0,"Diesel, Petrol",130.0,12.5,355.0,5.0,4.7,100L+,https://upload.wikimedia.org/wikipedia/commons/thumb/9/91/BMW_G07_X7_M60i_DSC_8564.jpg/960px-BMW_G07_X7_M60i_DSC_8564.jpg?utm_source=commons.wikimedia.org&utm_campaign=imageinfo&utm_content=thumbnail
BMW,BMW M4,Coupe,4.0,Petrol,153.0,10.0,533.0,5.0,4.8,100L+,https://upload.wikimedia.org/wikipedia/commons/thumb/2/2e/BMW_M4%2C_EMS_23%2C_Essen_%28P1170092%29.jpg/960px-BMW_M4%2C_EMS_23%2C_Essen_%28P1170092%29.jpg?utm_source=commons.wikimedia.org&utm_campaign=imageinfo&utm_content=thumbnail
BMW,BMW 7 Series,Sedan,5.0,Petrol,181.0,14.0,328.5,5.0,4.8,100L+,https://upload.wikimedia.org/wikipedia/commons/thumb/1/1b/BMW_7-Series_%28G70%29_750e_1X7A1899.jpg/960px-BMW_7-Series_%28G70%29_750e_1X7A1899.jpg?utm_source=commons.wikimedia.org&utm_campaign=imageinfo&utm_content=thumbnail
BMW,BMW 2 Series Gran Coupe,Coupe,5.0,Petrol,43.9,16.0,182.5,5.0,4.6,30-50L,https://upload.wikimedia.org/wikipedia/commons/thumb/f/ff/BMW_220d_%28F74%29_DSC_7359.jpg/960px-BMW_220d_%28F74%29_DSC_7359.jpg?utm_source=commons.wikimedia.org&utm_campaign=imageinfo&utm_content=thumbnail
BMW,BMW Z4,Convertible,2.0,Petrol,90.9,12.0,335.0,5.0,4.7,50-100L,https://upload.wikimedia.org/wikipedia/commons/thumb/8/89/BMW_G29_Z4_M40i_%28Facelift%29_1X7A6946.jpg/960px-BMW_G29_Z4_M40i_%28Facelift%29_1X7A6946.jpg?utm_source=commons.wikimedia.org&utm_campaign=imageinfo&utm_content=thumbnail
BMW,BMW M8,Coupe,4.0,Petrol,244.0,7.0,604.0,5.0,4.8,100L+,https://upload.wikimedia.org/wikipedia/commons/thumb/7/7a/BMW_M8_Gran_Coupe_Competition_%28Facelift%29_1X7A6106.jpg/960px-BMW_M8_Gran_Coupe_Competition_%28Facelift%29_1X7A6106.jpg?utm_source=commons.wikimedia.org&utm_campaign=imageinfo&utm_content=thumbnail
BMW,BMW M2,Coupe,4.0,Petrol,103.0,10.0,463.0,5.0,4.7,100L+,https://upload.wikimedia.org/wikipedia/commons/thumb/f/f2/BMW_M2_at_the_2025_Adelaide_Grand_Final_Parade.jpg/960px-BMW_M2_at_the_2025_Adelaide_Grand_Final_Parade.jpg?utm_source=commons.wikimedia.org&utm_campaign=imageinfo&utm_content=thumbnail
BMW,BMW iX1 LWB,SUV,5.0,Electric,46.9,15.70165456048878,204.0,5.0,4.7,30-50L,https://upload.wikimedia.org/wikipedia/commons/thumb/e/ea/BMW_iX1_1X7A6829.jpg/960px-BMW_iX1_1X7A6829.jpg?utm_source=commons.wikimedia.org&utm_campaign=imageinfo&utm_content=thumbnail
BMW,BMW XM,SUV,5.0,Hybrid,260.0,17.857599999999998,563.5,5.0,4.7,100L+,https://upload.wikimedia.org/wikipedia/commons/thumb/a/a3/BMW_XM_%28G09%29_IMG_7778.jpg/960px-BMW_XM_%28G09%29_IMG_7778.jpg?utm_source=commons.wikimedia.org&utm_campaign=imageinfo&utm_content=thumbnail
BMW,BMW i4,Sedan,5.0,Electric,75.0,15.70165456048878,442.0,5.0,4.6,50-100L,https://upload.wikimedia.org/wikipedia/commons/thumb/1/17/BMW_i4_IAA_2021_1X7A0307.jpg/960px-BMW_i4_IAA_2021_1X7A0307.jpg?utm_source=commons.wikimedia.org&utm_campaign=imageinfo&utm_content=thumbnail
BMW,BMW i7,Sedan,5.0,Electric,226.5,15.70165456048878,384.0,5.0,4.8,100L+,https://upload.wikimedia.org/wikipedia/commons/thumb/1/1b/BMW_7-Series_%28G70%29_750e_1X7A1899.jpg/960px-BMW_7-Series_%28G70%29_750e_1X7A1899.jpg?utm_source=commons.wikimedia.org&utm_campaign=imageinfo&utm_content=thumbnail
BMW,BMW iX,SUV,5.0,Electric,121.0,15.70165456048878,424.5,5.0,4.6,100L+,https://upload.wikimedia.org/wikipedia/commons/thumb/b/b2/BMW_iX_IAA_2021_1X7A0204.jpg/960px-BMW_iX_IAA_2021_1X7A0204.jpg?utm_source=commons.wikimedia.org&utm_campaign=imageinfo&utm_content=thumbnail
BMW,BMW i5,Sedan,5.0,Electric,119.0,15.70165456048878,601.0,5.0,4.7,100L+,https://upload.wikimedia.org/wikipedia/commons/thumb/8/86/BMW_G60_520i_1X7A2443.jpg/960px-BMW_G60_520i_1X7A2443.jpg?utm_source=commons.wikimedia.org&utm_campaign=imageinfo&utm_content=thumbnail
BMW,BMW X4 M40i,SUV,5.0,Petrol,96.2,10.0,355.0,5.0,4.6,50-100L,https://upload.wikimedia.org/wikipedia/commons/thumb/1/1d/BMW_X4_M40i_%28G02%29_Washington_DC_Metro_Area%2C_USA_%281.1%29.jpg/960px-BMW_X4_M40i_%28G02%29_Washington_DC_Metro_Area%2C_USA_%281.1%29.jpg?utm_source=commons.wikimedia.org&utm_campaign=imageinfo&utm_content=thumbnail
Skoda,Skoda Kylaq,SUV,5.0,Petrol,8.945,19.0,114.0,5.0,4.8,0-10L,https://upload.wikimedia.org/wikipedia/commons/thumb/4/4d/2025_Skoda_Kylaq.png/960px-2025_Skoda_Kylaq.png?utm_source=commons.wikimedia.org&utm_campaign=imageinfo&utm_content=thumbnail
Skoda,Skoda Slavia,Sedan,5.0,Petrol,14.69,19.0,131.0,5.0,4.7,10-15L,https://upload.wikimedia.org/wikipedia/commons/thumb/a/a9/Skoda_Slavia_Side_view.jpg/960px-Skoda_Slavia_Side_view.jpg?utm_source=commons.wikimedia.org&utm_campaign=imageinfo&utm_content=thumbnail
Skoda,Skoda Kushaq,SUV,5.0,Petrol,14.84,18.5,131.0,5.0,4.4,10-15L,https://upload.wikimedia.org/wikipedia/commons/thumb/e/e7/Skoda_Kushaq_Front.jpg/960px-Skoda_Kushaq_Front.jpg?utm_source=commons.wikimedia.org&utm_campaign=imageinfo&utm_content=thumbnail
Skoda,Skoda Kodiaq,SUV,7.0,Petrol,39.99,14.0,201.0,5.0,4.8,30-50L,https://upload.wikimedia.org/wikipedia/commons/thumb/c/cf/%C5%A0koda_Kodiaq_II_IMG_9433.jpg/960px-%C5%A0koda_Kodiaq_II_IMG_9433.jpg?utm_source=commons.wikimedia.org&utm_campaign=imageinfo&utm_content=thumbnail
Mercedes-Benz,Mercedes-Benz G-Class,SUV,5.0,Petrol,255.0,6.0,451.5,5.0,4.7,100L+,https://upload.wikimedia.org/wikipedia/commons/thumb/9/92/M%C3%BCnster%2C_Beresa%2C_Mercedes-Benz_C-Klasse_Cabrio_--_2018_--_1757.jpg/960px-M%C3%BCnster%2C_Beresa%2C_Mercedes-Benz_C-Klasse_Cabrio_--_2018_--_1757.jpg?utm_source=commons.wikimedia.org&utm_campaign=imageinfo&utm_content=thumbnail
Mercedes-Benz,Mercedes-Benz GLC,SUV,5.0,Petrol,75.9,14.759558823529412,224.5,5.0,4.7,50-100L,https://upload.wikimedia.org/wikipedia/commons/thumb/0/0e/Mercedes-Benz_Concept_GLC_Coupe_IAA_2015.jpg/960px-Mercedes-Benz_Concept_GLC_Coupe_IAA_2015.jpg?utm_source=commons.wikimedia.org&utm_campaign=imageinfo&utm_content=thumbnail
Mercedes-Benz,Mercedes-Benz GLA,SUV,5.0,Petrol,51.75,14.759558823529412,174.5,5.0,4.8,50-100L,https://upload.wikimedia.org/wikipedia/commons/thumb/1/11/Mercedes-AMG_GLA_45_S_4MATIC%2B_%28H247%29_1X7A5827.jpg/960px-Mercedes-AMG_GLA_45_S_4MATIC%2B_%28H247%29_1X7A5827.jpg?utm_source=commons.wikimedia.org&utm_campaign=imageinfo&utm_content=thumbnail
Mercedes-Benz,Mercedes-Benz C-Class,Sedan,5.0,Petrol,61.85,14.556333333333331,226.0,5.0,4.7,50-100L,https://upload.wikimedia.org/wikipedia/commons/thumb/7/77/DTM_Mercedes_w204_Schneider_amk.jpg/960px-DTM_Mercedes_w204_Schneider_amk.jpg?utm_source=commons.wikimedia.org&utm_campaign=imageinfo&utm_content=thumbnail
Mercedes-Benz,Mercedes-Benz E-Class,Sedan,5.0,Petrol,76.05,14.556333333333331,284.5,5.0,4.8,50-100L,https://upload.wikimedia.org/wikipedia/commons/thumb/9/92/M%C3%BCnster%2C_Beresa%2C_Mercedes-Benz_C-Klasse_Cabrio_--_2018_--_1757.jpg/960px-M%C3%BCnster%2C_Beresa%2C_Mercedes-Benz_C-Klasse_Cabrio_--_2018_--_1757.jpg?utm_source=commons.wikimedia.org&utm_campaign=imageinfo&utm_content=thumbnail
Mercedes-Benz,Mercedes-Benz GLS,SUV,7.0,Petrol,132.0,14.759558823529412,368.5,5.0,4.3,100L+,https://upload.wikimedia.org/wikipedia/commons/thumb/4/4d/Mercedes-Benz_GL-GLS-Class_timeline.jpg/960px-Mercedes-Benz_GL-GLS-Class_timeline.jpg?utm_source=commons.wikimedia.org&utm_campaign=imageinfo&utm_content=thumbnail
Mercedes-Benz,Mercedes-Benz GLE,SUV,5.0,Petrol,97.85,14.759558823529412,320.0,5.0,4.8,50-100L,https://upload.wikimedia.org/wikipedia/commons/thumb/9/97/Mercedes-AMG_GLE_63_S_4MATIC_IMG_1288.jpg/960px-Mercedes-AMG_GLE_63_S_4MATIC_IMG_1288.jpg?utm_source=commons.wikimedia.org&utm_campaign=imageinfo&utm_content=thumbnail
Mercedes-Benz,Mercedes-Benz S-Class,Sedan,5.0,Petrol,177.0,13.5,328.5,5.0,4.5,100L+,https://upload.wikimedia.org/wikipedia/commons/thumb/9/92/M%C3%BCnster%2C_Beresa%2C_Mercedes-Benz_C-Klasse_Cabrio_--_2018_--_1757.jpg/960px-M%C3%BCnster%2C_Beresa%2C_Mercedes-Benz_C-Klasse_Cabrio_--_2018_--_1757.jpg?utm_source=commons.wikimedia.org&utm_campaign=imageinfo&utm_content=thumbnail
Mercedes-Benz,Mercedes-Benz Maybach S-Class,Sedan,5.0,Petrol,272.0,8.0,549.5,5.0,4.7,100L+,https://upload.wikimedia.org/wikipedia/commons/thumb/9/9e/Mercedes-Benz_%26_Maybach_Type_223_S-Class_%283%29.jpg/960px-Mercedes-Benz_%26_Maybach_Type_223_S-Class_%283%29.jpg?utm_source=commons.wikimedia.org&utm_campaign=imageinfo&utm_content=thumbnail
Mercedes-Benz,Mercedes-Benz Maybach GLS,SUV,4.0,Petrol,335.0,14.759558823529412,550.0,5.0,4.6,100L+,https://upload.wikimedia.org/wikipedia/commons/thumb/8/8a/MERCEDES_MAYBACH_GLS_China.jpg/960px-MERCEDES_MAYBACH_GLS_China.jpg?utm_source=commons.wikimedia.org&utm_campaign=imageinfo&utm_content=thumbnail
Mercedes-Benz,Mercedes-Benz EQB,SUV,7.0,Petrol,74.5,14.759558823529412,368.5,5.0,4.6,50-100L,https://upload.wikimedia.org/wikipedia/commons/thumb/e/ec/MERCEDES-EQ_EQB_China_%284%29.jpg/960px-MERCEDES-EQ_EQB_China_%284%29.jpg?utm_source=commons.wikimedia.org&utm_campaign=imageinfo&utm_content=thumbnail
Mercedes-Benz,Mercedes-Benz EQS,Sedan,5.0,Petrol,162.0,14.556333333333331,403.2857142857143,5.0,4.6,100L+,https://upload.wikimedia.org/wikipedia/commons/thumb/0/0b/Mercedes-Benz_Vision_EQS_at_IAA_2019_IMG_0753.jpg/960px-Mercedes-Benz_Vision_EQS_at_IAA_2019_IMG_0753.jpg?utm_source=commons.wikimedia.org&utm_campaign=imageinfo&utm_content=thumbnail
Mercedes-Benz,Mercedes-Benz EQS SUV,SUV,7.0,Petrol,141.0,14.759558823529412,368.5,5.0,4.6,100L+,https://upload.wikimedia.org/wikipedia/commons/thumb/7/72/Mercedes-Benz_X296_1X7A1725.jpg/960px-Mercedes-Benz_X296_1X7A1725.jpg?utm_source=commons.wikimedia.org&utm_campaign=imageinfo&utm_content=thumbnail
Mercedes-Benz,Mercedes-Benz EQE SUV,SUV,5.0,Petrol,139.0,14.759558823529412,403.2857142857143,5.0,4.6,100L+,https://upload.wikimedia.org/wikipedia/commons/thumb/1/11/Mercedes-AMG_EQE_SUV_43_%28X294%29_IAA_2023_1X7A0449.jpg/960px-Mercedes-AMG_EQE_SUV_43_%28X294%29_IAA_2023_1X7A0449.jpg?utm_source=commons.wikimedia.org&utm_campaign=imageinfo&utm_content=thumbnail
Mercedes-Benz,Mercedes-Benz Maybach EQS SUV,SUV,4.0,Petrol,225.0,14.759558823529412,586.6666666666666,5.0,4.7,100L+,https://upload.wikimedia.org/wikipedia/commons/thumb/c/c8/2025_Mercedes-Maybach_EQS_680_SUV_-_02.jpg/960px-2025_Mercedes-Maybach_EQS_680_SUV_-_02.jpg?utm_source=commons.wikimedia.org&utm_campaign=imageinfo&utm_content=thumbnail
Mercedes-Benz,Mercedes-Benz G580 with EQ,SUV,5.0,Petrol,300.0,14.759558823529412,403.2857142857143,5.0,4.9,100L+,https://upload.wikimedia.org/wikipedia/commons/thumb/4/43/Mercedes-Benz_G580_with_EQ_Technology_%28W465%29_rear.jpg/960px-Mercedes-Benz_G580_with_EQ_Technology_%28W465%29_rear.jpg?utm_source=commons.wikimedia.org&utm_campaign=imageinfo&utm_content=thumbnail
Mercedes-Benz,Mercedes-Benz AMG G 63,SUV,5.0,Petrol,400.0,14.759558823529412,577.0,5.0,4.8,100L+,https://upload.wikimedia.org/wikipedia/commons/thumb/8/88/Mercedes-AMG_G_63_4x4%C2%B2_1X7A7350.jpg/960px-Mercedes-AMG_G_63_4x4%C2%B2_1X7A7350.jpg?utm_source=commons.wikimedia.org&utm_campaign=imageinfo&utm_content=thumbnail
Mercedes-Benz,Mercedes-Benz AMG GLC 43 Coupe,Coupe,5.0,Petrol,112.0,9.076923076923077,416.0,5.0,4.2,100L+,https://upload.wikimedia.org/wikipedia/commons/thumb/b/bf/Mercedes-AMG_GLC_43_4MATIC%2B_Coupe_%28C254%29_rear.jpg/960px-Mercedes-AMG_GLC_43_4MATIC%2B_Coupe_%28C254%29_rear.jpg?utm_source=commons.wikimedia.org&utm_campaign=imageinfo&utm_content=thumbnail
Mercedes-Benz,Mercedes-Benz AMG C 43,Sedan,5.0,Petrol,98.25,14.556333333333331,402.0,5.0,4.8,50-100L,https://upload.wikimedia.org/wikipedia/commons/thumb/5/50/Mercedes-AMG_C_43_%28W206%29_IMG_7393.jpg/960px-Mercedes-AMG_C_43_%28W206%29_IMG_7393.jpg?utm_source=commons.wikimedia.org&utm_campaign=imageinfo&utm_content=thumbnail
Mercedes-Benz,Mercedes-Benz AMG SL55 Roadster,Convertible,4.0,Petrol,244.0,10.0,469.0,5.0,4.7,100L+,https://upload.wikimedia.org/wikipedia/commons/thumb/f/f6/Black_Mercedes-Benz_R230_AMG_SL55_roadster_%282003%29_%2850859987526%29.jpg/960px-Black_Mercedes-Benz_R230_AMG_SL55_roadster_%282003%29_%2850859987526%29.jpg?utm_source=commons.wikimedia.org&utm_campaign=imageinfo&utm_content=thumbnail
Mercedes-Benz,Mercedes-Benz AMG GT 63 S E,Sedan,4.0,Petrol,330.0,14.556333333333331,741.0,5.0,4.4,100L+,https://upload.wikimedia.org/wikipedia/commons/thumb/3/3f/Mercedes-AMG_GT_63_S_E_Performance_IMG_8220.jpg/960px-Mercedes-AMG_GT_63_S_E_Performance_IMG_8220.jpg?utm_source=commons.wikimedia.org&utm_campaign=imageinfo&utm_content=thumbnail
Mercedes-Benz,Mercedes-Benz AMG GLE Coupe,Coupe,5.0,Petrol,171.0,9.076923076923077,429.0,5.0,4.8,100L+,https://upload.wikimedia.org/wikipedia/commons/thumb/3/31/Mercedes-AMG_GLE_53_4MATIC_Coupe_1X7A0364.jpg/960px-Mercedes-AMG_GLE_53_4MATIC_Coupe_1X7A0364.jpg?utm_source=commons.wikimedia.org&utm_campaign=imageinfo&utm_content=thumbnail
Mercedes-Benz,Mercedes-Benz AMG S 63 E,Sedan,5.0,Petrol,330.0,14.556333333333331,794.0,5.0,4.8,100L+,https://upload.wikimedia.org/wikipedia/commons/thumb/3/3f/Mercedes-AMG_GT_63_S_E_Performance_IMG_8220.jpg/960px-Mercedes-AMG_GT_63_S_E_Performance_IMG_8220.jpg?utm_source=commons.wikimedia.org&utm_campaign=imageinfo&utm_content=thumbnail
Mercedes-Benz,Mercedes-Benz AMG C 63 S E,Sedan,5.0,Petrol,195.0,14.556333333333331,469.0,5.0,4.7,100L+,https://upload.wikimedia.org/wikipedia/commons/thumb/b/b8/Mercedes-AMG_C_63S_Coupe%2C_IAA_2017%2C_Frankfurt_%281Y7A3011%29.jpg/960px-Mercedes-AMG_C_63S_Coupe%2C_IAA_2017%2C_Frankfurt_%281Y7A3011%29.jpg?utm_source=commons.wikimedia.org&utm_campaign=imageinfo&utm_content=thumbnail
Mercedes-Benz,Mercedes-Benz AMG EQS,Sedan,5.0,Petrol,245.00000000000003,14.556333333333331,403.2857142857143,5.0,4.6,100L+,https://upload.wikimedia.org/wikipedia/commons/thumb/e/e3/2024_Mercedes-Benz_EQS_450%2B_AMG_Dynamic.jpg/960px-2024_Mercedes-Benz_EQS_450%2B_AMG_Dynamic.jpg?utm_source=commons.wikimedia.org&utm_campaign=imageinfo&utm_content=thumbnail
Honda,Honda Elevate,SUV,5.0,Petrol,14.1,15.5,119.0,5.0,4.6,10-15L,https://upload.wikimedia.org/wikipedia/commons/thumb/9/90/2023_Honda_Elevate_VX_%28India%29_front_view.jpg/960px-2023_Honda_Elevate_VX_%28India%29_front_view.jpg?utm_source=commons.wikimedia.org&utm_campaign=imageinfo&utm_content=thumbnail
Honda,Honda City,Sedan,5.0,Petrol,14.085,17.5,119.0,5.0,4.6,10-15L,https://upload.wikimedia.org/wikipedia/commons/thumb/f/fb/Honda_Gienia_IMG001.jpg/960px-Honda_Gienia_IMG001.jpg?utm_source=commons.wikimedia.org&utm_campaign=imageinfo&utm_content=thumbnail
Honda,Honda Amaze,Sedan,5.0,Petrol,8.58,18.5,89.0,5.0,4.7,0-10L,https://upload.wikimedia.org/wikipedia/commons/thumb/c/cd/Honda_Amaze_front_view.jpg/960px-Honda_Amaze_front_view.jpg?utm_source=commons.wikimedia.org&utm_campaign=imageinfo&utm_content=thumbnail
Honda,Honda City e:HEV,Sedan,5.0,Hybrid,19.775,27.0,97.0,5.0,4.6,15-20L,https://upload.wikimedia.org/wikipedia/commons/thumb/b/b9/2023_Honda_City_e-HEV_RS.jpg/960px-2023_Honda_City_e-HEV_RS.jpg?utm_source=commons.wikimedia.org&utm_campaign=imageinfo&utm_content=thumbnail
MG,MG Windsor EV,Hatchback,5.0,Electric,13.5,15.70165456048878,41.78,5.0,4.6,10-15L,https://upload.wikimedia.org/wikipedia/commons/thumb/7/78/Baojun_Yunduo_001.jpg/960px-Baojun_Yunduo_001.jpg?utm_source=commons.wikimedia.org&utm_campaign=imageinfo&utm_content=thumbnail
MG,MG Hector,SUV,5.0,Petrol,13.99,14.759558823529412,27435.0,5.0,4.5,10-15L,https://upload.wikimedia.org/wikipedia/commons/thumb/e/ef/Baojun_530_02_China_2018-03-20.jpg/960px-Baojun_530_02_China_2018-03-20.jpg?utm_source=commons.wikimedia.org&utm_campaign=imageinfo&utm_content=thumbnail
MG,MG Comet EV,Hatchback,5.0,Electric,6.99,15.70165456048878,41.78,5.0,4.4,0-10L,https://upload.wikimedia.org/wikipedia/commons/thumb/c/ce/Wuling_Air_EV_IMG005.jpg/960px-Wuling_Air_EV_IMG005.jpg?utm_source=commons.wikimedia.org&utm_campaign=imageinfo&utm_content=thumbnail
MG,MG ZS EV,SUV,5.0,Electric,18.98,15.70165456048878,174.0,5.0,4.1,15-20L,https://upload.wikimedia.org/wikipedia/commons/thumb/3/34/MG_ZS_Facelift_1X7A6412.jpg/960px-MG_ZS_Facelift_1X7A6412.jpg?utm_source=commons.wikimedia.org&utm_campaign=imageinfo&utm_content=thumbnail
MG,MG Astor,SUV,5.0,Petrol,12.095,14.759558823529412,10569.0,5.0,4.2,10-15L,https://upload.wikimedia.org/wikipedia/commons/thumb/3/34/MG_ZS_Facelift_1X7A6412.jpg/960px-MG_ZS_Facelift_1X7A6412.jpg?utm_source=commons.wikimedia.org&utm_campaign=imageinfo&utm_content=thumbnail
MG,MG Hector Plus,SUV,6.0,"Diesel, Petrol",17.3,16.0,154.5,5.0,4.4,15-20L,https://upload.wikimedia.org/wikipedia/commons/thumb/e/ef/Baojun_530_02_China_2018-03-20.jpg/960px-Baojun_530_02_China_2018-03-20.jpg?utm_source=commons.wikimedia.org&utm_campaign=imageinfo&utm_content=thumbnail
MG,MG Gloster,SUV,7.0,Diesel,41.335,12.5,185.5,5.0,4.2,30-50L,https://upload.wikimedia.org/wikipedia/commons/thumb/f/fd/Maxus_D90_01_China_2018-03-28.jpg/960px-Maxus_D90_01_China_2018-03-28.jpg?utm_source=commons.wikimedia.org&utm_campaign=imageinfo&utm_content=thumbnail
Land Rover,Land Rover Defender,SUV,5.0,"Diesel, Petrol",104.0,23.0,461.0,5.0,4.8,100L+,https://upload.wikimedia.org/wikipedia/commons/thumb/9/97/Land_Rover_Defender_110_Station_Wagon_2016_-_rear.jpg/960px-Land_Rover_Defender_110_Station_Wagon_2016_-_rear.jpg?utm_source=commons.wikimedia.org&utm_campaign=imageinfo&utm_content=thumbnail
Land Rover,Range Rover Velar,SUV,5.0,"Diesel, Petrol",87.9,17.75,224.0,5.0,4.8,50-100L,https://upload.wikimedia.org/wikipedia/commons/thumb/6/60/Range_Rover_Velar_P250_SE_IMG_8831.jpg/960px-Range_Rover_Velar_P250_SE_IMG_8831.jpg?utm_source=commons.wikimedia.org&utm_campaign=imageinfo&utm_content=thumbnail
Land Rover,Range Rover Sport,SUV,5.0,"Diesel, Petrol",140.0,11.0,486.0,5.0,4.8,100L+,https://upload.wikimedia.org/wikipedia/commons/thumb/5/5c/Range_Rover_Sport_Series_III_IMG_9449.jpg/960px-Range_Rover_Sport_Series_III_IMG_9449.jpg?utm_source=commons.wikimedia.org&utm_campaign=imageinfo&utm_content=thumbnail
Land Rover,Range Rover,SUV,5.0,"Diesel, Petrol",239.0,10.5,470.0,5.0,4.7,100L+,https://upload.wikimedia.org/wikipedia/commons/thumb/1/18/Land_Rover_Range_Rover_Autobiography_2016.jpg/960px-Land_Rover_Range_Rover_Autobiography_2016.jpg?utm_source=commons.wikimedia.org&utm_campaign=imageinfo&utm_content=thumbnail
Land Rover,Range Rover Evoque,SUV,5.0,"Diesel, Petrol",67.9,12.0,212.0,5.0,4.7,50-100L,https://upload.wikimedia.org/wikipedia/commons/thumb/a/a2/Land_Rover_Range_Rover_Evoque_Convertible_2016_-_side.jpg/960px-Land_Rover_Range_Rover_Evoque_Convertible_2016_-_side.jpg?utm_source=commons.wikimedia.org&utm_campaign=imageinfo&utm_content=thumbnail
Land Rover,Discovery Sport,SUV,7.0,Diesel,67.9,11.5,224.0,5.0,4.2,50-100L,https://upload.wikimedia.org/wikipedia/commons/thumb/6/68/Land_Rover_Discovery_Sport_HSE_Luxury_TD4_2016.jpg/960px-Land_Rover_Discovery_Sport_HSE_Luxury_TD4_2016.jpg?utm_source=commons.wikimedia.org&utm_campaign=imageinfo&utm_content=thumbnail
Land Rover,Discovery,SUV,7.0,Petrol,97.0,10.5,296.0,5.0,4.7,50-100L,https://upload.wikimedia.org/wikipedia/commons/thumb/5/57/Space_Shuttle_Discovery_under_a_full_moon%2C_03-11-09.jpg/960px-Space_Shuttle_Discovery_under_a_full_moon%2C_03-11-09.jpg?utm_source=commons.wikimedia.org&utm_campaign=imageinfo&utm_content=thumbnail
Renault,Renault Triber,MUV,7.0,Petrol,7.485,18.5,71.0,4.0,4.5,0-10L,https://upload.wikimedia.org/wikipedia/commons/thumb/1/19/Renault_Triber_%28front_view%29.png/960px-Renault_Triber_%28front_view%29.png?utm_source=commons.wikimedia.org&utm_campaign=imageinfo&utm_content=thumbnail
Renault,Renault Kwid,Hatchback,5.0,Petrol,5.575,21.5,67.0,1.0,4.4,0-10L,https://upload.wikimedia.org/wikipedia/commons/thumb/3/33/Renault_Kwid_2017_in_Montevideo_%28front%29.jpg/960px-Renault_Kwid_2017_in_Montevideo_%28front%29.jpg?utm_source=commons.wikimedia.org&utm_campaign=imageinfo&utm_content=thumbnail
Renault,Renault Kiger,SUV,5.0,Petrol,8.615,19.0,85.0,4.0,4.5,0-10L,https://upload.wikimedia.org/wikipedia/commons/thumb/7/79/Renault_Kiger_F_202103.jpg/960px-Renault_Kiger_F_202103.jpg?utm_source=commons.wikimedia.org&utm_campaign=imageinfo&utm_content=thumbnail
Citroen,Citroen C3,Hatchback,5.0,Petrol,6.16,18.5,94.5,5.0,4.4,0-10L,https://upload.wikimedia.org/wikipedia/commons/thumb/3/3a/2020_Citro%C3%ABn_C3_%283rd_generation%29_DSC_7374.jpg/960px-2020_Citro%C3%ABn_C3_%283rd_generation%29_DSC_7374.jpg?utm_source=commons.wikimedia.org&utm_campaign=imageinfo&utm_content=thumbnail
Citroen,Citroen Basalt,SUV,5.0,Petrol,7.99,18.5,94.0,4.0,4.6,0-10L,https://upload.wikimedia.org/wikipedia/commons/thumb/f/fe/Citroen_Basalt_Turbo_200_Shine_2025.jpg/960px-Citroen_Basalt_Turbo_200_Shine_2025.jpg?utm_source=commons.wikimedia.org&utm_campaign=imageinfo&utm_content=thumbnail
Citroen,Citroen Aircross,SUV,7.0,Petrol,11.52,17.5,94.5,5.0,4.6,10-15L,https://upload.wikimedia.org/wikipedia/commons/thumb/0/01/Citroen_C3_Aircross_%282017%29_Facelift_1X7A7060.jpg/960px-Citroen_C3_Aircross_%282017%29_Facelift_1X7A7060.jpg?utm_source=commons.wikimedia.org&utm_campaign=imageinfo&utm_content=thumbnail
Citroen,Citroen eC3,Hatchback,5.0,Electric,12.555,15.70165456048878,478.33651368239606,5.0,4.4,10-15L,https://upload.wikimedia.org/wikipedia/commons/thumb/6/65/Citroen_%C3%AB-C3_IMG_4539.jpg/960px-Citroen_%C3%AB-C3_IMG_4539.jpg?utm_source=commons.wikimedia.org&utm_campaign=imageinfo&utm_content=thumbnail
Citroen,Citroen C5 Aircross,SUV,5.0,Diesel,39.99,17.0,174.0,4.0,4.1,30-50L,https://upload.wikimedia.org/wikipedia/commons/thumb/f/ff/2022_Citroen_C5_Aircross_Plug-in-Hybrid_Automesse_Ludwigsburg_2022_retusche_1X7A5909.jpg/960px-2022_Citroen_C5_Aircross_Plug-in-Hybrid_Automesse_Ludwigsburg_2022_retusche_1X7A5909.jpg?utm_source=commons.wikimedia.org&utm_campaign=imageinfo&utm_content=thumbnail
Jeep,Jeep Compass,SUV,5.0,Diesel,18.99,15.0,166.5,5.0,4.2,15-20L,https://upload.wikimedia.org/wikipedia/commons/thumb/9/9c/Jeep_Compass_%28MP%29_PHEV_Facelift_1X7A0140.jpg/960px-Jeep_Compass_%28MP%29_PHEV_Facelift_1X7A0140.jpg?utm_source=commons.wikimedia.org&utm_campaign=imageinfo&utm_content=thumbnail
Jeep,Jeep Meridian,SUV,7.0,Diesel,24.99,15.0,168.0,5.0,4.4,20-30L,https://upload.wikimedia.org/wikipedia/commons/thumb/8/85/2021_Jeep_Commander_Limited_%28Brazil%29_front_view.png/960px-2021_Jeep_Commander_Limited_%28Brazil%29_front_view.png?utm_source=commons.wikimedia.org&utm_campaign=imageinfo&utm_content=thumbnail
Jeep,Jeep Wrangler,SUV,5.0,Petrol,67.65,10.5,268.0,5.0,4.8,50-100L,https://upload.wikimedia.org/wikipedia/commons/thumb/f/f4/Jeep_Wrangler_Rubicon_392_IMG_7673.jpg/960px-Jeep_Wrangler_Rubicon_392_IMG_7673.jpg?utm_source=commons.wikimedia.org&utm_campaign=imageinfo&utm_content=thumbnail
Jeep,Jeep Grand Cherokee,SUV,5.0,Petrol,80.5,15.025,268.0,5.0,4.3,50-100L,https://upload.wikimedia.org/wikipedia/commons/thumb/e/e7/Jeep_Grand_Cherokee_%28WL%29_4xe_IMG_8481_%28cropped%29.jpg/960px-Jeep_Grand_Cherokee_%28WL%29_4xe_IMG_8481_%28cropped%29.jpg?utm_source=commons.wikimedia.org&utm_campaign=imageinfo&utm_content=thumbnail
Audi,Audi Q3,SUV,5.0,Petrol,44.25,14.0,190.0,5.0,4.7,30-50L,https://upload.wikimedia.org/wikipedia/commons/thumb/7/73/Audi_Q3_FJ_IAA_2025_DSC_2505.jpg/960px-Audi_Q3_FJ_IAA_2025_DSC_2505.jpg?utm_source=commons.wikimedia.org&utm_campaign=imageinfo&utm_content=thumbnail
Audi,Audi A4,Sedan,5.0,Petrol,46.02,17.0,194.5,5.0,4.7,30-50L,https://upload.wikimedia.org/wikipedia/commons/thumb/f/f8/Audi_A4_B6_TDI_Cabrio_%282019-03-27_Sp_r%29.JPG/960px-Audi_A4_B6_TDI_Cabrio_%282019-03-27_Sp_r%29.JPG?utm_source=commons.wikimedia.org&utm_campaign=imageinfo&utm_content=thumbnail
Audi,Audi A6,Sedan,5.0,Petrol,64.41,14.0,251.0,5.0,4.7,50-100L,https://upload.wikimedia.org/wikipedia/commons/thumb/4/40/Audi_A6_Avant_e-tron_DSC_7425.jpg/960px-Audi_A6_Avant_e-tron_DSC_7425.jpg?utm_source=commons.wikimedia.org&utm_campaign=imageinfo&utm_content=thumbnail
Audi,Audi Q7,SUV,7.0,Petrol,88.66,15.025,335.0,5.0,4.5,50-100L,https://upload.wikimedia.org/wikipedia/commons/thumb/7/7b/Audi_q7_front_white.jpg/960px-Audi_q7_front_white.jpg?utm_source=commons.wikimedia.org&utm_campaign=imageinfo&utm_content=thumbnail
Audi,Audi Q5,SUV,5.0,Petrol,65.51,13.0,261.0,5.0,4.7,50-100L,https://upload.wikimedia.org/wikipedia/commons/thumb/0/07/Audi_Q5_Sportback_GU_DSC_9270.jpg/960px-Audi_Q5_Sportback_GU_DSC_9270.jpg?utm_source=commons.wikimedia.org&utm_campaign=imageinfo&utm_content=thumbnail
Audi,Audi S5 Sportback,Coupe,5.0,Petrol,77.32,10.0,349.0,5.0,4.7,50-100L,https://upload.wikimedia.org/wikipedia/commons/thumb/d/dd/Red_Audi_S5_Sportback_IAA_2009.JPG/960px-Red_Audi_S5_Sportback_IAA_2009.JPG?utm_source=commons.wikimedia.org&utm_campaign=imageinfo&utm_content=thumbnail
Audi,Audi Q8,SUV,5.0,Petrol,117.0,15.025,335.0,5.0,4.7,100L+,https://upload.wikimedia.org/wikipedia/commons/thumb/0/07/Felicidade_A_very_happy_boy.jpg/960px-Felicidade_A_very_happy_boy.jpg?utm_source=commons.wikimedia.org&utm_campaign=imageinfo&utm_content=thumbnail
Audi,Audi e-tron GT,Sedan,4.0,Petrol,172.0,14.556333333333331,478.33651368239606,5.0,4.8,100L+,https://upload.wikimedia.org/wikipedia/commons/thumb/f/fc/Audi_e-tron_GT_1X7A0297.jpg/960px-Audi_e-tron_GT_1X7A0297.jpg?utm_source=commons.wikimedia.org&utm_campaign=imageinfo&utm_content=thumbnail
Audi,Audi Q3 Sportback,SUV,5.0,Petrol,54.65,15.025,193.0,5.0,4.7,50-100L,https://upload.wikimedia.org/wikipedia/commons/thumb/9/9d/Audi_Q3_Sportback_IMG_3505.jpg/960px-Audi_Q3_Sportback_IMG_3505.jpg?utm_source=commons.wikimedia.org&utm_campaign=imageinfo&utm_content=thumbnail
Audi,Audi RS5,Coupe,4.0,Petrol,113.0,10.0,444.0,5.0,4.8,100L+,https://upload.wikimedia.org/wikipedia/commons/thumb/8/8f/Audi_RS5%2C_Binz_%28P1090702%29.jpg/960px-Audi_RS5%2C_Binz_%28P1090702%29.jpg?utm_source=commons.wikimedia.org&utm_campaign=imageinfo&utm_content=thumbnail
Audi,Audi RS Q8,SUV,5.0,Petrol,222.00000000000003,15.025,648.0,5.0,4.7,100L+,https://upload.wikimedia.org/wikipedia/commons/thumb/0/07/Felicidade_A_very_happy_boy.jpg/960px-Felicidade_A_very_happy_boy.jpg?utm_source=commons.wikimedia.org&utm_campaign=imageinfo&utm_content=thumbnail
Audi,Audi A8 L,Sedan,5.0,Petrol,134.0,14.556333333333331,478.33651368239606,5.0,4.8,100L+,https://upload.wikimedia.org/wikipedia/commons/thumb/d/d9/Audi_A8_L_D5_IMG_0066.jpg/960px-Audi_A8_L_D5_IMG_0066.jpg?utm_source=commons.wikimedia.org&utm_campaign=imageinfo&utm_content=thumbnail
Audi,Audi Q8 Sportback e-tron,SUV,5.0,Petrol,119.0,14.759558823529412,478.33651368239606,5.0,4.7,100L+,https://upload.wikimedia.org/wikipedia/commons/thumb/0/02/Audi_e-tron_Sportback_1X7A6780.jpg/960px-Audi_e-tron_Sportback_1X7A6780.jpg?utm_source=commons.wikimedia.org&utm_campaign=imageinfo&utm_content=thumbnail
Audi,Audi Q8 e-tron,SUV,5.0,Petrol,115.0,14.759558823529412,478.33651368239606,5.0,4.7,100L+,https://upload.wikimedia.org/wikipedia/commons/thumb/8/8d/Audi_Q8_e-tron_Sportback_1X7A7094.jpg/960px-Audi_Q8_e-tron_Sportback_1X7A7094.jpg?utm_source=commons.wikimedia.org&utm_campaign=imageinfo&utm_content=thumbnail
Nissan,Nissan Magnite,SUV,5.0,Petrol,8.635,18.0,85.0,5.0,4.5,0-10L,https://upload.wikimedia.org/wikipedia/commons/thumb/3/3f/Nissan_Magnite_01.jpg/960px-Nissan_Magnite_01.jpg?utm_source=commons.wikimedia.org&utm_campaign=imageinfo&utm_content=thumbnail
Nissan,Nissan X-Trail,SUV,7.0,Petrol,49.92,13.0,161.0,5.0,2.7,30-50L,https://upload.wikimedia.org/wikipedia/commons/thumb/3/35/Nissan_X-Trail_%28T33%29_1X7A7179.jpg/960px-Nissan_X-Trail_%28T33%29_1X7A7179.jpg?utm_source=commons.wikimedia.org&utm_campaign=imageinfo&utm_content=thumbnail
BYD,BYD Atto 3,SUV,5.0,Petrol,24.99,14.759558823529412,3100.0,5.0,3.9,20-30L,https://upload.wikimedia.org/wikipedia/commons/thumb/7/78/BYD_Atto_3_1X7A6495.jpg/960px-BYD_Atto_3_1X7A6495.jpg?utm_source=commons.wikimedia.org&utm_campaign=imageinfo&utm_content=thumbnail
BYD,BYD Seal,Sedan,5.0,Petrol,41.0,14.556333333333331,3100.0,5.0,4.7,30-50L,https://upload.wikimedia.org/wikipedia/commons/thumb/1/1f/BYD_Seal_U_IAA_2023_1X7A0045.jpg/960px-BYD_Seal_U_IAA_2023_1X7A0045.jpg?utm_source=commons.wikimedia.org&utm_campaign=imageinfo&utm_content=thumbnail
BYD,BYD Sealion 7,SUV,5.0,Electric,48.9,15.70165456048878,478.33651368239606,5.0,4.8,30-50L,https://upload.wikimedia.org/wikipedia/commons/thumb/0/08/BYD_Sealion_07_EV_DSC_8264.jpg/960px-BYD_Sealion_07_EV_DSC_8264.jpg?utm_source=commons.wikimedia.org&utm_campaign=imageinfo&utm_content=thumbnail
BYD,BYD eMax 7,MPV,7.0,Electric,26.9,15.70165456048878,478.33651368239606,5.0,4.5,20-30L,https://upload.wikimedia.org/wikipedia/commons/thumb/7/72/BYD_eMAX_7_Superior_Captain_Crystal_White.jpg/960px-BYD_eMAX_7_Superior_Captain_Crystal_White.jpg?utm_source=commons.wikimedia.org&utm_campaign=imageinfo&utm_content=thumbnail
Volvo,Volvo XC60,SUV,5.0,Hybrid,69.9,12.0,250.0,5.0,4.9,50-100L,https://upload.wikimedia.org/wikipedia/commons/thumb/2/29/Volvo_XC60_%28SPA%29_FL_1X7A6406.jpg/960px-Volvo_XC60_%28SPA%29_FL_1X7A6406.jpg?utm_source=commons.wikimedia.org&utm_campaign=imageinfo&utm_content=thumbnail
Volvo,Volvo EX40,SUV,5.0,Petrol,56.1,14.759558823529412,478.33651368239606,5.0,4.8,50-100L,https://upload.wikimedia.org/wikipedia/commons/thumb/e/ef/Volvo_XC40_Recharge_Facelift_IMG_8127.jpg/960px-Volvo_XC40_Recharge_Facelift_IMG_8127.jpg?utm_source=commons.wikimedia.org&utm_campaign=imageinfo&utm_content=thumbnail
Volvo,Volvo XC90,SUV,7.0,Hybrid,101.0,12.0,247.0,5.0,4.3,100L+,https://upload.wikimedia.org/wikipedia/commons/thumb/5/59/2025_Volvo_XC90_II_DSC_7420.jpg/960px-2025_Volvo_XC90_II_DSC_7420.jpg?utm_source=commons.wikimedia.org&utm_campaign=imageinfo&utm_content=thumbnail
Volvo,Volvo EC40,SUV,5.0,Electric,56.1,15.70165456048878,408.0,5.0,4.7,50-100L,https://upload.wikimedia.org/wikipedia/commons/thumb/2/26/Volvo_EC40_interior_view.jpg/960px-Volvo_EC40_interior_view.jpg?utm_source=commons.wikimedia.org&utm_campaign=imageinfo&utm_content=thumbnail
Porsche,Porsche 911,Coupe,4.0,Petrol,274.5,9.0,510.5,5.0,4.7,100L+,https://upload.wikimedia.org/wikipedia/commons/thumb/c/c6/2013_Porsche_911_Carrera_4S_%28991%29_%289626546987%29.jpg/960px-2013_Porsche_911_Carrera_4S_%28991%29_%289626546987%29.jpg?utm_source=commons.wikimedia.org&utm_campaign=imageinfo&utm_content=thumbnail
Porsche,Porsche Cayenne,SUV,5.0,Petrol,142.0,24.5,442.5,5.0,4.6,100L+,https://upload.wikimedia.org/wikipedia/commons/thumb/f/ff/Porsche_Cayenne_Coup%C3%A9_GTS_1X7A7224.jpg/960px-Porsche_Cayenne_Coup%C3%A9_GTS_1X7A7224.jpg?utm_source=commons.wikimedia.org&utm_campaign=imageinfo&utm_content=thumbnail
Porsche,Porsche Macan,SUV,5.0,Petrol,96.05,10.5,337.5,5.0,4.7,50-100L,https://upload.wikimedia.org/wikipedia/commons/thumb/3/3a/Porsche_Macan_4_IMG_2153.jpg/960px-Porsche_Macan_4_IMG_2153.jpg?utm_source=commons.wikimedia.org&utm_campaign=imageinfo&utm_content=thumbnail
Porsche,Porsche Panamera,Sedan,4.0,Petrol,168.0,14.556333333333331,137.0,5.0,4.9,100L+,https://upload.wikimedia.org/wikipedia/commons/thumb/0/00/Porsche_972_Turbo_E-Hybrid_IMG_0445.jpg/960px-Porsche_972_Turbo_E-Hybrid_IMG_0445.jpg?utm_source=commons.wikimedia.org&utm_campaign=imageinfo&utm_content=thumbnail
Porsche,Porsche Taycan,Sedan,5.0,Electric,167.0,15.70165456048878,478.33651368239606,5.0,4.8,100L+,https://upload.wikimedia.org/wikipedia/commons/thumb/e/ea/Porsche_Taycan_Sport_Turismo_GTS_1X7A0416.jpg/960px-Porsche_Taycan_Sport_Turismo_GTS_1X7A0416.jpg?utm_source=commons.wikimedia.org&utm_campaign=imageinfo&utm_content=thumbnail
Porsche,Porsche Cayenne Coupe,SUV,5.0,Petrol,149.0,24.5,483.0,5.0,4.5,100L+,https://upload.wikimedia.org/wikipedia/commons/thumb/f/ff/Porsche_Cayenne_Coup%C3%A9_GTS_1X7A7224.jpg/960px-Porsche_Cayenne_Coup%C3%A9_GTS_1X7A7224.jpg?utm_source=commons.wikimedia.org&utm_campaign=imageinfo&utm_content=thumbnail
Porsche,Porsche Macan Electric,SUV,5.0,Electric,122.0,15.70165456048878,478.33651368239606,5.0,4.7,100L+,https://upload.wikimedia.org/wikipedia/commons/thumb/2/24/Porsche_Macan_%28XAB%29_IMG_2425.jpg/960px-Porsche_Macan_%28XAB%29_IMG_2425.jpg?utm_source=commons.wikimedia.org&utm_campaign=imageinfo&utm_content=thumbnail
Lexus,Lexus ES,Sedan,5.0,Hybrid,64.0,22.0,195.5,5.0,4.6,50-100L,https://upload.wikimedia.org/wikipedia/commons/thumb/2/2b/2022_Lexus_ES_350_%28GSZ10%29_1X7A5794.jpg/960px-2022_Lexus_ES_350_%28GSZ10%29_1X7A5794.jpg?utm_source=commons.wikimedia.org&utm_campaign=imageinfo&utm_content=thumbnail
Lexus,Lexus LX,SUV,5.0,Diesel,282.0,6.0,304.0,5.0,4.9,100L+,https://upload.wikimedia.org/wikipedia/commons/thumb/2/20/Lexus_LX_570_%28URJ201W%29_IMG_4913.jpg/960px-Lexus_LX_570_%28URJ201W%29_IMG_4913.jpg?utm_source=commons.wikimedia.org&utm_campaign=imageinfo&utm_content=thumbnail
Lexus,Lexus NX,SUV,5.0,Hybrid,67.35,17.0,188.0,5.0,4.4,50-100L,https://upload.wikimedia.org/wikipedia/commons/thumb/4/46/Lexus_LF-NX_IAA_2013.jpg/960px-Lexus_LF-NX_IAA_2013.jpg?utm_source=commons.wikimedia.org&utm_campaign=imageinfo&utm_content=thumbnail
Lexus,Lexus LM,MPV,4.0,Petrol,225.0,17.0,478.33651368239606,5.0,4.7,100L+,https://upload.wikimedia.org/wikipedia/commons/thumb/7/7b/Lexus_LM_350h_%28AAWH10%29_IMG_0031.jpg/960px-Lexus_LM_350h_%28AAWH10%29_IMG_0031.jpg?utm_source=commons.wikimedia.org&utm_campaign=imageinfo&utm_content=thumbnail
Lexus,Lexus RX,SUV,5.0,Hybrid,95.8,25.048,229.0,5.0,4.7,50-100L,https://upload.wikimedia.org/wikipedia/commons/thumb/2/2d/Lexus_RX_450h%2B_%28AALH16%29_1X7A1930.jpg/960px-Lexus_RX_450h%2B_%28AALH16%29_1X7A1930.jpg?utm_source=commons.wikimedia.org&utm_campaign=imageinfo&utm_content=thumbnail
Lamborghini,Lamborghini Urus SE,SUV,5.0,Petrol,457.0,14.759558823529412,60.0,5.0,4.8,100L+,https://upload.wikimedia.org/wikipedia/commons/thumb/f/f1/Lamborghini_Urus_SE_DSC_8524.jpg/960px-Lamborghini_Urus_SE_DSC_8524.jpg?utm_source=commons.wikimedia.org&utm_campaign=imageinfo&utm_content=thumbnail
Lamborghini,Lamborghini Temerario,Coupe,2.0,Petrol,600.0,9.076923076923077,62.0,5.0,4.4,100L+,https://upload.wikimedia.org/wikipedia/commons/thumb/c/cf/Lamborghini_Temerario_IMG_5361.jpg/960px-Lamborghini_Temerario_IMG_5361.jpg?utm_source=commons.wikimedia.org&utm_campaign=imageinfo&utm_content=thumbnail
Lamborghini,Lamborghini Revuelto,Coupe,2.0,Petrol,889.0,9.076923076923077,62.0,5.0,4.7,100L+,https://upload.wikimedia.org/wikipedia/commons/thumb/0/0a/Lamborghini_Revuelto_DSC_6987.jpg/960px-Lamborghini_Revuelto_DSC_6987.jpg?utm_source=commons.wikimedia.org&utm_campaign=imageinfo&utm_content=thumbnail
Jaguar,Jaguar F-Pace,SUV,5.0,Diesel,72.9,15.5,372.0,5.0,4.7,50-100L,https://upload.wikimedia.org/wikipedia/commons/thumb/d/d4/Jaguar_F-Pace_IMG_8000.jpg/960px-Jaguar_F-Pace_IMG_8000.jpg?utm_source=commons.wikimedia.org&utm_campaign=imageinfo&utm_content=thumbnail
Rolls-Royce,Rolls-Royce Phantom,Sedan,5.0,Petrol,950.0,6.5,508.0,5.0,4.8,100L+,https://upload.wikimedia.org/wikipedia/commons/thumb/7/74/D%C3%BClmen%2C_Rolls-Royce_Phantom_II_--_2024_--_5846.jpg/960px-D%C3%BClmen%2C_Rolls-Royce_Phantom_II_--_2024_--_5846.jpg?utm_source=commons.wikimedia.org&utm_campaign=imageinfo&utm_content=thumbnail
Rolls-Royce,Rolls-Royce Cullinan,SUV,5.0,Petrol,695.0,6.0,563.0,5.0,4.8,100L+,https://upload.wikimedia.org/wikipedia/commons/thumb/8/85/Rolls-Royce_Cullinan_007.jpg/960px-Rolls-Royce_Cullinan_007.jpg?utm_source=commons.wikimedia.org&utm_campaign=imageinfo&utm_content=thumbnail
Rolls-Royce,Rolls-Royce Spectre,Coupe,2.0,Electric,750.0,15.70165456048878,478.33651368239606,5.0,4.9,100L+,https://upload.wikimedia.org/wikipedia/commons/thumb/5/5f/Rolls-Royce_Spectre_IAA_2023_1X7A0753.jpg/960px-Rolls-Royce_Spectre_IAA_2023_1X7A0753.jpg?utm_source=commons.wikimedia.org&utm_campaign=imageinfo&utm_content=thumbnail
MINI,MINI Cooper,Hatchback,4.0,Petrol,44.9,21.61583333333333,478.33651368239606,5.0,4.5,30-50L,https://upload.wikimedia.org/wikipedia/commons/thumb/2/2f/Morris_Mini-Minor_1959_%28621_AOK%29.jpg/960px-Morris_Mini-Minor_1959_%28621_AOK%29.jpg?utm_source=commons.wikimedia.org&utm_campaign=imageinfo&utm_content=thumbnail
MINI,MINI Countryman,SUV,5.0,Petrol,47.75,16.5,159.0,5.0,4.7,30-50L,https://upload.wikimedia.org/wikipedia/commons/thumb/4/45/Mini_Countryman_%28U25%29_IMG_9537.jpg/960px-Mini_Countryman_%28U25%29_IMG_9537.jpg?utm_source=commons.wikimedia.org&utm_campaign=imageinfo&utm_content=thumbnail
MINI,MINI Cooper SE,Hatchback,5.0,Electric,53.0,15.70165456048878,478.33651368239606,5.0,4.4,50-100L,https://upload.wikimedia.org/wikipedia/commons/thumb/7/70/Mini_Hatch_%28J01%29_Cooper_S_IAA_2023_1X7A0724.jpg/960px-Mini_Hatch_%28J01%29_Cooper_S_IAA_2023_1X7A0724.jpg?utm_source=commons.wikimedia.org&utm_campaign=imageinfo&utm_content=thumbnail
MINI,MINI Countryman Electric,SUV,5.0,Petrol,54.9,14.759558823529412,478.33651368239606,5.0,4.6,50-100L,https://upload.wikimedia.org/wikipedia/commons/thumb/3/3e/Mini_Countryman_Electric_CRI_03_2022_5206.jpg/960px-Mini_Countryman_Electric_CRI_03_2022_5206.jpg?utm_source=commons.wikimedia.org&utm_campaign=imageinfo&utm_content=thumbnail
Ferrari,Ferrari Purosangue,SUV,4.0,Petrol,1050.0,15.025,715.0,5.0,4.6,,https://upload.wikimedia.org/wikipedia/commons/thumb/b/b5/Ferrari_Purosangue_IMG_9554.jpg/960px-Ferrari_Purosangue_IMG_9554.jpg?utm_source=commons.wikimedia.org&utm_campaign=imageinfo&utm_content=thumbnail
Ferrari,Ferrari 296 GTB,Coupe,2.0,Hybrid,540.0,15.70165456048878,645.0,5.0,4.7,100L+,https://upload.wikimedia.org/wikipedia/commons/thumb/5/51/Ferrari_296_GTB_1X7A6377.jpg/960px-Ferrari_296_GTB_1X7A6377.jpg?utm_source=commons.wikimedia.org&utm_campaign=imageinfo&utm_content=thumbnail
Ferrari,Ferrari Roma,Coupe,4.0,Petrol,376.0,8.0,612.0,5.0,4.6,100L+,https://upload.wikimedia.org/wikipedia/commons/thumb/9/9b/Ferrari_Roma_IMG_9620.jpg/960px-Ferrari_Roma_IMG_9620.jpg?utm_source=commons.wikimedia.org&utm_campaign=imageinfo&utm_content=thumbnail
Ferrari,Ferrari F8 Tributo,Coupe,2.0,Petrol,402.0,7.0,711.0,5.0,4.8,100L+,https://upload.wikimedia.org/wikipedia/commons/thumb/d/d6/Ferrari_F8_Tributo_DSC_7013.jpg/960px-Ferrari_F8_Tributo_DSC_7013.jpg?utm_source=commons.wikimedia.org&utm_campaign=imageinfo&utm_content=thumbnail
Ferrari,Ferrari Portofino,Convertible,4.0,Petrol,350.0,8.0,591.0,5.0,4.8,100L+,https://upload.wikimedia.org/wikipedia/commons/thumb/2/22/Ferrari_Portofino_M_IMG_4351.jpg/960px-Ferrari_Portofino_M_IMG_4351.jpg?utm_source=commons.wikimedia.org&utm_campaign=imageinfo&utm_content=thumbnail
Ferrari,Ferrari 296 GTS,Convertible,2.0,Hybrid,624.0,15.70165456048878,663.0,5.0,4.6,100L+,https://upload.wikimedia.org/wikipedia/commons/thumb/c/cc/Ferrari_296_GTS_DSC_7001.jpg/960px-Ferrari_296_GTS_DSC_7001.jpg?utm_source=commons.wikimedia.org&utm_campaign=imageinfo&utm_content=thumbnail
Force Motors,Force Motors Gurkha,SUV,4.0,Diesel,16.75,14.233333333333333,138.0,3.0,4.5,15-20L,https://upload.wikimedia.org/wikipedia/commons/thumb/8/8c/Force_Gurkha_Competition_Vehicles.jpg/960px-Force_Gurkha_Competition_Vehicles.jpg?utm_source=commons.wikimedia.org&utm_campaign=imageinfo&utm_content=thumbnail
Force Motors,Force Motors Trax Cruiser,MUV,12.0,Diesel,13.83,15.70165456048878,90.0,3.0,4.7,10-15L,https://upload.wikimedia.org/wikipedia/commons/thumb/a/ae/Force_Motors_Trax_Cruiser.jpg/960px-Force_Motors_Trax_Cruiser.jpg?utm_source=commons.wikimedia.org&utm_campaign=imageinfo&utm_content=thumbnail
Isuzu,Isuzu V-Cross,Pickup,5.0,Diesel,25.52,15.70165456048878,161.0,4.0,4.8,20-30L,https://upload.wikimedia.org/wikipedia/commons/thumb/6/63/2021_Isuzu_D-Max_V-Cross_%28Malaysia%29_front_view.png/960px-2021_Isuzu_D-Max_V-Cross_%28Malaysia%29_front_view.png?utm_source=commons.wikimedia.org&utm_campaign=imageinfo&utm_content=thumbnail
Isuzu,Isuzu MU-X,SUV,7.0,Diesel,37.0,14.233333333333333,161.0,4.0,4.6,30-50L,https://upload.wikimedia.org/wikipedia/commons/thumb/9/9c/ISUZU_MU-X_%28FIRST_GENERATION%29_China.jpg/960px-ISUZU_MU-X_%28FIRST_GENERATION%29_China.jpg?utm_source=commons.wikimedia.org&utm_campaign=imageinfo&utm_content=thumbnail
Maserati,Maserati Ghibli,Sedan,5.0,Petrol,120.0,12.0,428.0,5.0,4.7,100L+,https://upload.wikimedia.org/wikipedia/commons/thumb/1/1a/Maserati_Ghibli_I_Classic-Gala_2021_1X7A0263.jpg/960px-Maserati_Ghibli_I_Classic-Gala_2021_1X7A0263.jpg?utm_source=commons.wikimedia.org&utm_campaign=imageinfo&utm_content=thumbnail
Maserati,Maserati MC20,Coupe,2.0,Petrol,365.0,8.0,621.0,5.0,4.9,100L+,https://upload.wikimedia.org/wikipedia/commons/thumb/b/bb/Maserati_MC20_IAA_2021_1X7A0087.jpg/960px-Maserati_MC20_IAA_2021_1X7A0087.jpg?utm_source=commons.wikimedia.org&utm_campaign=imageinfo&utm_content=thumbnail
Maserati,Maserati Levante,SUV,5.0,Petrol,145.0,9.5,350.5,5.0,4.5,100L+,https://upload.wikimedia.org/wikipedia/commons/thumb/d/d2/Maserati_Levante_Trofeo_1X7A7437.jpg/960px-Maserati_Levante_Trofeo_1X7A7437.jpg?utm_source=commons.wikimedia.org&utm_campaign=imageinfo&utm_content=thumbnail
Maserati,Maserati Quattroporte,Sedan,5.0,Petrol,180.0,11.0,423.5,5.0,4.4,100L+,https://upload.wikimedia.org/wikipedia/commons/thumb/4/42/Maserati_Quattroporte_VI_Trofeo_1X7A0312.jpg/960px-Maserati_Quattroporte_VI_Trofeo_1X7A0312.jpg?utm_source=commons.wikimedia.org&utm_campaign=imageinfo&utm_content=thumbnail
Maserati,Maserati Grecale,SUV,5.0,Petrol,131.0,15.025,409.5,5.0,4.6,100L+,https://upload.wikimedia.org/wikipedia/commons/thumb/5/57/Maserati_Grecale_GT_1X7A6371.jpg/960px-Maserati_Grecale_GT_1X7A6371.jpg?utm_source=commons.wikimedia.org&utm_campaign=imageinfo&utm_content=thumbnail
Maserati,Maserati GranTurismo,Coupe,4.0,Petrol,272.0,9.076923076923077,512.5,5.0,4.7,100L+,https://upload.wikimedia.org/wikipedia/commons/thumb/0/00/Maserati_GranTurismo_Trofeo_1X7A0828.jpg/960px-Maserati_GranTurismo_Trofeo_1X7A0828.jpg?utm_source=commons.wikimedia.org&utm_campaign=imageinfo&utm_content=thumbnail
Aston Martin,Aston Martin Vanquish,Coupe,2.0,Petrol,885.0,9.076923076923077,835.0,5.0,4.5,100L+,https://upload.wikimedia.org/wikipedia/commons/thumb/e/e3/Aston_Martin_Vanquish_%282024%29_DSC_7892.jpg/960px-Aston_Martin_Vanquish_%282024%29_DSC_7892.jpg?utm_source=commons.wikimedia.org&utm_campaign=imageinfo&utm_content=thumbnail
Aston Martin,Aston Martin DB11,Coupe,4.0,Petrol,329.0,8.0,551.5,5.0,4.5,100L+,https://upload.wikimedia.org/wikipedia/commons/thumb/a/a6/Aston_Martin_DB11_AMR%2C_GIMS_2019%2C_Le_Grand-Saconnex_%28GIMS1139%29.jpg/960px-Aston_Martin_DB11_AMR%2C_GIMS_2019%2C_Le_Grand-Saconnex_%28GIMS1139%29.jpg?utm_source=commons.wikimedia.org&utm_campaign=imageinfo&utm_content=thumbnail
Aston Martin,Aston Martin Vantage,Coupe,2.0,Petrol,399.0,9.076923076923077,656.0,5.0,4.7,100L+,https://upload.wikimedia.org/wikipedia/commons/thumb/8/8b/Aston_Martin_V8_Vantage_Roadster_IMG_8846.jpg/960px-Aston_Martin_V8_Vantage_Roadster_IMG_8846.jpg?utm_source=commons.wikimedia.org&utm_campaign=imageinfo&utm_content=thumbnail
Aston Martin,Aston Martin DBX,SUV,5.0,Petrol,463.0,10.0,619.5,5.0,4.7,100L+,https://upload.wikimedia.org/wikipedia/commons/thumb/f/f7/Aston_Martin_DBX_DSC_7244.jpg/960px-Aston_Martin_DBX_DSC_7244.jpg?utm_source=commons.wikimedia.org&utm_campaign=imageinfo&utm_content=thumbnail
Aston Martin,Aston Martin DB12,Coupe,4.0,Petrol,459.0,9.076923076923077,670.0,5.0,4.6,100L+,https://upload.wikimedia.org/wikipedia/commons/thumb/c/ca/Aston_Martin_DB12_1X7A1921.jpg/960px-Aston_Martin_DB12_1X7A1921.jpg?utm_source=commons.wikimedia.org&utm_campaign=imageinfo&utm_content=thumbnail
Bentley,Bentley Bentayga,SUV,5.0,Petrol,410.0,7.0,542.0,5.0,4.9,100L+,https://upload.wikimedia.org/wikipedia/commons/thumb/3/36/Bentley_Bentayga_2015_-_front.jpg/960px-Bentley_Bentayga_2015_-_front.jpg?utm_source=commons.wikimedia.org&utm_campaign=imageinfo&utm_content=thumbnail
McLaren,McLaren 750S,Coupe,2.0,Petrol,591.0,9.076923076923077,740.0,5.0,4.8,100L+,https://upload.wikimedia.org/wikipedia/commons/thumb/1/1b/McLaren_750S_Spider_IMG_2458.jpg/960px-McLaren_750S_Spider_IMG_2458.jpg?utm_source=commons.wikimedia.org&utm_campaign=imageinfo&utm_content=thumbnail
McLaren,McLaren 720S,Coupe,2.0,Petrol,465.00000000000006,8.0,711.0,5.0,4.8,100L+,https://upload.wikimedia.org/wikipedia/commons/thumb/d/dd/McLaren_720S%2C_IAA_2017%2C_%281Y7A3405%29.jpg/960px-McLaren_720S%2C_IAA_2017%2C_%281Y7A3405%29.jpg?utm_source=commons.wikimedia.org&utm_campaign=imageinfo&utm_content=thumbnail
McLaren,McLaren GT,Coupe,2.0,Petrol,372.0,7.0,612.0,5.0,4.5,100L+,https://upload.wikimedia.org/wikipedia/commons/thumb/7/77/McLaren_GT%2C_Klassikstadt%2C_Frankfurt_am_Main_%28P1032520%29.jpg/960px-McLaren_GT%2C_Klassikstadt%2C_Frankfurt_am_Main_%28P1032520%29.jpg?utm_source=commons.wikimedia.org&utm_campaign=imageinfo&utm_content=thumbnail
Lotus,Lotus Eletre,SUV,5.0,Electric,255.0,15.70165456048878,250.0,5.0,4.5,100L+,https://upload.wikimedia.org/wikipedia/commons/thumb/4/41/Lotus_Eletre_IAA_2023_1X7A0668.jpg/960px-Lotus_Eletre_IAA_2023_1X7A0668.jpg?utm_source=commons.wikimedia.org&utm_campaign=imageinfo&utm_content=thumbnail
Lotus,Lotus Emira,Coupe,2.0,Petrol,322.0,9.076923076923077,360.0,5.0,4.7,100L+,https://upload.wikimedia.org/wikipedia/commons/thumb/0/01/Lotus_Emira_IMG_8023.jpg/960px-Lotus_Emira_IMG_8023.jpg?utm_source=commons.wikimedia.org&utm_campaign=imageinfo&utm_content=thumbnail
Lotus,Lotus Emeya,Sedan,4.0,Petrol,234.0,14.556333333333331,478.33651368239606,5.0,4.8,100L+,https://upload.wikimedia.org/wikipedia/commons/thumb/b/b9/Lotus_Emeya_Auto_Zuerich_2024_DSC_6171.jpg/960px-Lotus_Emeya_Auto_Zuerich_2024_DSC_6171.jpg?utm_source=commons.wikimedia.org&utm_campaign=imageinfo&utm_content=thumbnail
VinFast,VinFast VF6,SUV,5.0,Electric,16.49,15.70165456048878,160.0,5.0,4.5,15-20L,https://upload.wikimedia.org/wikipedia/commons/thumb/8/81/VinFast_VF6_%28Zootopia_livery%29_at_GJAW_2025_in_Indonesia.jpg/960px-VinFast_VF6_%28Zootopia_livery%29_at_GJAW_2025_in_Indonesia.jpg?utm_source=commons.wikimedia.org&utm_campaign=imageinfo&utm_content=thumbnail
VinFast,VinFast VF7,SUV,5.0,Electric,20.89,15.70165456048878,201.0,5.0,4.6,20-30L,https://upload.wikimedia.org/wikipedia/commons/thumb/2/24/VinFast_VF7.jpg/960px-VinFast_VF7.jpg?utm_source=commons.wikimedia.org&utm_campaign=imageinfo&utm_content=thumbnail
VinFast,VinFast VF e34,SUV,5.0,Electric,25.0,15.70165456048878,150.0,5.0,4.4,20-30L,https://upload.wikimedia.org/wikipedia/commons/thumb/1/18/2024_VinFast_VFe34%2C_06-14-2024.jpg/960px-2024_VinFast_VFe34%2C_06-14-2024.jpg?utm_source=commons.wikimedia.org&utm_campaign=imageinfo&utm_content=thumbnail
VinFast,VinFast VF9,SUV,7.0,Electric,65.0,15.70165456048878,408.0,5.0,4.7,50-100L,https://upload.wikimedia.org/wikipedia/commons/thumb/c/cc/VinFast_VF9_at_Hillsdale.jpg/960px-VinFast_VF9_at_Hillsdale.jpg?utm_source=commons.wikimedia.org&utm_campaign=imageinfo&utm_content=thumbnail
